#Año,Tipo,Presupuesto,Programa,Económica,Descripcion,Ejecucion,Seccion
2016,G,E,2211,16204,ACCION SOCIAL,2358.53,0101
2016,G,E,2211,16206,VESTUARIO,2142.00,0101
2016,G,E,9121,10000,RETRIBUCIONES BASICAS (ORGANOS DE GOBIERNO),266502.07,0101
2016,G,E,9121,11000,RETRIBUCIONES BASICAS (PERSONAL EVENTUAL),179146.48,0101
2016,G,E,9121,15001,PRODUCTIVIDAD-CONSTANCIA,16022.16,0101
2016,G,E,9121,16000,SEGURIDAD SOCIAL,113931.47,0101
2016,G,E,9121,22001,"PRENSA,REVISTA,LIBROS Y OTRAS PUBLICACIONES",633.10,0101
2016,G,E,9121,22200,SERVICIO DE TELECOMUNICACIONES,10916.02,0101
2016,G,E,9121,22601,ATENCIONES PROTOCOLARIAS Y REPRESENTATIVAS,5910.14,0101
2016,G,E,9121,22646,III PLAN DE IGUALDAD DE OPORTUNIDADES,0.00,0101
2016,G,E,9121,23000,DIETAS DE LOS MIEMBROS DE LOS ORG. DE GOBIERNO,1318.88,0101
2016,G,E,9121,23100,LOCOMOCION DE LOS MIEMBROS DE LOS ORG. DE GOBIERNO,801.94,0101
2016,G,E,9121,23300,ASISTENCIA A PLENOS Y COMISIONES,70317.00,0101
2016,G,E,9121,46600,CUOTAS FEMP Y FAMP,4361.57,0101
2016,G,E,9121,48000,ATENCIONES BENEFICAS Y ASISTENCIALES,9170.54,0101
2016,G,E,9121,48015,PLAN INTEGRAL DE LA JUVENTUD,1000.00,0101
2016,G,E,9121,48900,OTRAS TRANSFERENCIAS,5150.00,0101
2016,G,E,9121,48911,ASIGNACIONES A GRUPOS POLITICOS,28028.64,0101
2016,G,E,2211,16204,ACCION SOCIAL,1188.14,0102
2016,G,E,2211,16206,VESTUARIO,3519.00,0102
2016,G,E,9201,12000,SUELDOS GRUPO A1,29648.08,0102
2016,G,E,9201,12003,SUELDOS GRUPO C1,10082.51,0102
2016,G,E,9201,12004,SUELDOS GRUPO C2,23588.33,0102
2016,G,E,9201,12005,SUELDOS GRUPO E,7755.44,0102
2016,G,E,9201,12006,TRIENIOS,15461.24,0102
2016,G,E,9201,12100,COMPLEMENTOS DE DESTINO,46078.18,0102
2016,G,E,9201,12101,COMPLEMENTOS ESPECIFICO,58358.96,0102
2016,G,E,9201,12500,RET.BASICAS FUNCIONARIOS INTERINOS TEMPORALES,0.00,0102
2016,G,E,9201,12502,RET.COMPLTª  FUNCIONARIOS INTERINOS TEMPORALES,0.00,0102
2016,G,E,9201,13000,RETRIBUCIONES BASICAS,46465.69,0102
2016,G,E,9201,13100,RET.BASICAS LABORAL EVENTUAL,37284.61,0102
2016,G,E,9201,15000,PRODUCTIVIDAD ,20055.64,0102
2016,G,E,9201,15001,PRODUCTIVIDAD-CONSTANCIA,20599.92,0102
2016,G,E,9201,15100,GRATIFICACIONES,0.00,0102
2016,G,E,9201,16000,SEGURIDAD SOCIAL,79600.77,0102
2016,G,E,9201,22000,ORDINARIO NO INVENTARIABLE,5315.68,0102
2016,G,E,9201,22001,"PRENSA,REVISTA,LIBROS Y OTRAS PUBLICACIONES",3302.17,0102
2016,G,E,9201,22200,SERVICIO DE TELECOMUNICACIONES,4698.75,0102
2016,G,E,9201,22201,POSTALES,18491.89,0102
2016,G,E,9201,22401,FRANQUICIAS SEGURO RESPONSABILIDAD CIVIL,300.00,0102
2016,G,E,9201,22402,SEGURO RESPONSABILIDAD CIVIL,33000.00,0102
2016,G,E,9201,22603,PUBLICACIONES EN DIARIOS OFICIALES,3376.70,0102
2016,G,E,9201,2269908,PUBLICACIONES OFICIALES EN PERIODICOS,285.56,0102
2016,G,E,9201,22706,ESTUDIOS Y TRABAJOS TECNICOS,1674.96,0102
2016,G,E,9201,2279936,SERVICIO DE NOTIFICACIONES,3682.12,0102
2016,G,E,9201,2279960,SERVICIO DE FOTOCOPIAS,96.13,0102
2016,G,E,9201,23120,LOCOMOCION PERSONAL NO DIRECTIVO,2861.28,0102
2016,G,E,9202,2269920,MANTENIMIENTO JUZGADO DE PAZ,261.67,0102
2016,G,E,9202,48932,TRANSFERENCIAS MANTENIMIENTO JUZGADO DE PAZ,2000.00,0102
2016,G,E,9231,12004,SUELDOS GRUPO C2,6389.62,0102
2016,G,E,9231,12006,TRIENIOS,1511.84,0102
2016,G,E,9231,12100,COMPLEMENTOS DE DESTINO,3305.13,0102
2016,G,E,9231,12101,COMPLEMENTOS ESPECIFICO,5748.40,0102
2016,G,E,9231,13000,RETRIBUCIONES BASICAS,23917.65,0102
2016,G,E,9231,15001,PRODUCTIVIDAD-CONSTANCIA,4577.76,0102
2016,G,E,9231,16000,SEGURIDAD SOCIAL,13375.51,0102
2016,G,E,1110,91101,AMORTIZ.PRTMO.DIPUT.2014 1ª CONVOCATORIA,166374.23,0201
2016,G,E,1110,91102,AMORTIZ.PRTMO.DIPUT.2014 2ª CONVOCATORIA,117134.49,0201
2016,G,E,2211,16204,ACCION SOCIAL,2651.15,0201
2016,G,E,2211,16206,VESTUARIO,5508.00,0201
2016,G,E,9311,12000,SUELDOS GRUPO A1,14824.22,0201
2016,G,E,9311,12004,SUELDOS GRUPO C2,16935.96,0201
2016,G,E,9311,12006,TRIENIOS,5922.13,0201
2016,G,E,9311,12100,COMPLEMENTOS DE DESTINO,20912.64,0201
2016,G,E,9311,12101,COMPLEMENTOS ESPECIFICO,25103.12,0201
2016,G,E,9311,13000,RETRIBUCIONES BASICAS,48387.72,0201
2016,G,E,9311,13100,RET.BASICAS LABORAL EVENTUAL,14521.99,0201
2016,G,E,9311,15000,PRODUCTIVIDAD ,2460.00,0201
2016,G,E,9311,15001,PRODUCTIVIDAD-CONSTANCIA,14710.76,0201
2016,G,E,9311,15100,GRATIFICACIONES,0.00,0201
2016,G,E,9311,16000,SEGURIDAD SOCIAL,51382.30,0201
2016,G,E,9311,22000,ORDINARIO NO INVENTARIABLE,1929.61,0201
2016,G,E,9311,22001,"PRENSA,REVISTA,LIBROS Y OTRAS PUBLICACIONES",1455.27,0201
2016,G,E,9311,22200,SERVICIO DE TELECOMUNICACIONES,4444.47,0201
2016,G,E,9321,12003,SUELDOS GRUPO C1,10082.51,0201
2016,G,E,9321,12004,SUELDOS GRUPO C2,16926.20,0201
2016,G,E,9321,12005,SUELDOS GRUPO E,23266.34,0201
2016,G,E,9321,12006,TRIENIOS,9780.70,0201
2016,G,E,9321,12100,COMPLEMENTOS DE DESTINO,27777.34,0201
2016,G,E,9321,12101,COMPLEMENTOS ESPECIFICO,45675.52,0201
2016,G,E,9321,13000,RETRIBUCIONES BASICAS,25127.38,0201
2016,G,E,9321,13100,RET.BASICAS LABORAL EVENTUAL,21803.77,0201
2016,G,E,9321,15000,PRODUCTIVIDAD ,6651.36,0201
2016,G,E,9321,15001,PRODUCTIVIDAD-CONSTANCIA,18229.74,0201
2016,G,E,9321,16000,SEGURIDAD SOCIAL,56247.17,0201
2016,G,E,9321,2219900,SUMINISTROS PLACAS DE VADO Y LICENCIAS DE OBRA,1553.33,0201
2016,G,E,9321,2270604,TRABAJOS CATASTRALES,7900.06,0201
2016,G,E,9321,22708,SERVICIOS DE RECAUDACION A/F DE LA ENTIDAD,503311.31,0201
2016,G,E,9321,23120,LOCOMOCION PERSONAL NO DIRECTIVO,1863.42,0201
2016,G,E,9342,12000,SUELDOS GRUPO A1,14679.74,0201
2016,G,E,9342,12001,SUELDOS DEL GRUPO A2,13035.52,0201
2016,G,E,9342,12004,SUELDOS GRUPO C2,16956.07,0201
2016,G,E,9342,12006,TRIENIOS,6774.33,0201
2016,G,E,9342,12100,COMPLEMENTOS DE DESTINO,27023.94,0201
2016,G,E,9342,12101,COMPLEMENTOS ESPECIFICO,32552.27,0201
2016,G,E,9342,13100,RET.BASICAS LABORAL EVENTUAL,21261.78,0201
2016,G,E,9342,15000,PRODUCTIVIDAD ,3060.26,0201
2016,G,E,9342,15001,PRODUCTIVIDAD-CONSTANCIA,9155.52,0201
2016,G,E,9342,16000,SEGURIDAD SOCIAL,32442.58,0201
2016,G,E,9342,2279914,MANTENIMIENTO PROGRAMA GESTION TESORERIA,4530.58,0201
2016,G,E,9342,2279936,SERVICIO DE NOTIFICACIONES,7760.71,0201
2016,G,E,9342,23120,LOCOMOCION PERSONAL NO DIRECTIVO,1724.53,0201
2016,G,E,9342,35200,INTERESES DE DEMORA,5881.71,0201
2016,G,E,9342,35900,OTROS GASTOS FINANCIEROS,164.31,0201
2016,G,E,9342,62507,MOBILIARIO,0.00,0201
2016,G,E,2211,16204,ACCION SOCIAL,59.66,0202
2016,G,E,2211,16206,VESTUARIO,0.00,0202
2016,G,E,2411,14301,PLAN MUNICPAL DE FOMENTO DE LA CONTRATACION Y LA INSERCION,228741.33,0202
2016,G,E,2411,14307,PLAN MUNICIPAL DE IMPULSO AL EMPLEO,647459.50,0202
2016,G,E,2411,1600001,SEGURIDAD SOCIAL PLANES DE EMPLEO MUNICP,281343.94,0202
2016,G,E,2411,1600002,SEGURIDAD SOCIAL BECARIOS,4174.84,0202
2016,G,E,2411,22200,SERVICIO DE TELECOMUNICACIONES,2252.61,0202
2016,G,E,2411,2260607,COFINANCIACION DE FORMACION PARA EL EMPLEO,0.00,0202
2016,G,E,2411,2270602,OFICINA PARA LA ASIST.TECNICA EN CAPTACION Y GESTION DE RECURSOS EUROPEOS,24779.38,0202
2016,G,E,2411,2270605,ACREDITACION PARA LA TELEFORMACION,0.00,0202
2016,G,E,2411,47001,INCENTIVOS A LA CONTRATACION,0.00,0202
2016,G,E,2411,47010,LANZADERA DE EMPLEO (COFINANCIACION PROYECTO VIVES),10000.00,0202
2016,G,E,2411,48104,"BECAS DE ESTUDIO DE FORMACION NO REGLADA,COLABORACION PÚBLICO-PRIVADA",1155.00,0202
2016,G,E,2411,48106,BECAS PARA FORMACION REGLADA,43502.60,0202
2016,G,E,2411,68102,"TERMINACION OBRAS URBANIZACION UE/RA P.I.""28 DE FEBRERO""",65000.00,0202
2016,G,E,2412,14311,PROGRAMA EXTRAORDINARIO DE URGENCIA SOCIAL MUNICIPAL,200696.25,0202
2016,G,E,2412,14320,PROGRAMA AYUDA A LA CONTRATACION PAC,125442.92,0202
2016,G,E,2412,14321,PLAN EMPLEO JOVEN,381.76,0202
2016,G,E,2412,14322,PLAN EMPLEO 25+,1399.77,0202
2016,G,E,2412,2260604,ACCIONES DE FORMACION PARA EL EMPLEO,2720.00,0202
2016,G,E,2412,2260610,TALLER  DE EMPLEO ATENCION GERÍATRICA Y ATENCION DEPENDENCIA,0.00,0202
2016,G,E,2412,2260611,"TALLERES DE EMPLEO,ATENCION INFANTIL Y EFICIENCIA ENERGÉTICA",0.00,0202
2016,G,E,2412,2269994,PROGRAMAS EXPERIENCIAS PROFESIONALES PARA EL EMPLEO,0.00,0202
2016,G,E,2412,2269998,MEDIDAS COMOLEMENTARIAS APOYO AL EMPLEO,141986.25,0202
2016,G,E,2412,48108,BECAS ESTANCIAS TRANSNACIONALES (PRACTICAS),28503.00,0202
2016,G,E,2412,4810801,APORTACION MUNICIPAL BECAS ERASMUS CONVOCATORIA 2014,5562.05,0202
2016,G,E,2412,61117,P.F.O.E.A. (GARANTIA DE RENTAS),107496.80,0202
2016,G,E,2412,62607,APORTACION MUNICIPAL A TALLERES DE EMPLEO,0.00,0202
2016,G,E,2412,63220,REHABILITACION EDIF.ALZHEIMER,0.00,0202
2016,G,E,2412,63222,REHABILITACION TORRE CAÑAMO,0.00,0202
2016,G,E,2413,64025,APORTACION MUNICIPAL PROYECTOS COMUNITARIOS EDUSI,42648.28,0202
2016,G,E,2211,16204,ACCION SOCIAL,1615.92,0203
2016,G,E,2211,16206,VESTUARIO,2754.00,0203
2016,G,E,3301,13000,RETRIBUCIONES BASICAS,77036.98,0203
2016,G,E,3301,13100,RET.BASICAS LABORAL EVENTUAL,23006.54,0203
2016,G,E,3301,15000,PRODUCTIVIDAD ,1367.36,0203
2016,G,E,3301,15001,PRODUCTIVIDAD-CONSTANCIA,10009.37,0203
2016,G,E,3301,16000,SEGURIDAD SOCIAL,29474.81,0203
2016,G,E,3301,22000,ORDINARIO NO INVENTARIABLE,1889.04,0203
2016,G,E,3301,22200,SERVICIO DE TELECOMUNICACIONES,17933.57,0203
2016,G,E,3301,22602,PUBLICIDAD Y PROPAGANDA,1336.15,0203
2016,G,E,3301,23120,LOCOMOCION PERSONAL NO DIRECTIVO,1562.29,0203
2016,G,E,3301,41003,"TRANFERENCIAS AL PATRONATO DE DEPORTES, GASTOS CORRIENTES",1263897.61,0203
2016,G,E,3301,71000,AL PATRONATO PARA GASTOS DE CAPITAL,7335.35,0203
2016,G,E,3321,13000,RETRIBUCIONES BASICAS,105201.74,0203
2016,G,E,3321,13002,OTRAS REMUNERACIONES,3179.68,0203
2016,G,E,3321,13100,RET.BASICAS LABORAL EVENTUAL,18364.74,0203
2016,G,E,3321,15001,PRODUCTIVIDAD-CONSTANCIA,9155.52,0203
2016,G,E,3321,16000,SEGURIDAD SOCIAL,44033.03,0203
2016,G,E,3321,20900,DERECHOS DE AUTOR (SOCIEDADES DE AUTORES),0.00,0203
2016,G,E,3321,2260920,BIBLIOTECA SANTA CRUZ,6167.83,0203
2016,G,E,3321,2260919,BIBLIOTEC LA RINCONADA,5613.33,0203
2016,G,E,3321,2260918,BIBLIOTECA SAN JOSE,4821.65,0203
2016,G,E,3341,2260914,CENTRO DE ARTES ESCENICAS DE LA RINCONADA (CRAES),0.00,0203
2016,G,E,3341,2260913,PROGRAMACION CULTURAL CON LA UNIVERSIDAD DE SEVILLA,0.00,0203
2016,G,E,3321,62900,FONDOS BIBLIOGRÁFICOS BIBLIOTECA SANTA CRUZ,535.66,0203
2016,G,E,3322,13000,RETRIBUCIONES BASICAS,25929.03,0203
2016,G,E,3322,15001,PRODUCTIVIDAD-CONSTANCIA,2282.63,0203
2016,G,E,3322,16000,SEGURIDAD SOCIAL,10457.80,0203
2016,G,E,3331,2279930,SERVICIO DE GESTION MUSEO PALEONTOLÓGICO Y ARQUEOLOGICO,17400.00,0203
2016,G,E,3342,2260910,CIRCADA,1500.00,0203
2016,G,E,3341,2260907,CORAL VIRGEN DE LAS NIEVES,1750.00,0203
2016,G,E,3342,2260906,FESTIVAL DE TEATRO PARA NIÑOS Y NIÑAS,7092.50,0203
2016,G,E,3341,2260905,"FACTORIA CREATIVA, AULAS Y MATERIALES",32663.30,0203
2016,G,E,3341,2260904,BANDA MUNICIPAL DE MUSICA Y FOMENTO ACTIVIDADES MUSICALES,9680.00,0203
2016,G,E,3341,2269999,"REPRESENTACIONES ARTISTICAS, COMPAÑIAS A TAQUILLA",30066.58,0203
2016,G,E,3341,48110,PREMIOS Y CERTAMENES CULTURALES,500.00,0203
2016,G,E,3341,48903,CONVENIO CON LA ASOCIACION CRISTO DEL PERDON,900.00,0203
2016,G,E,3341,48906,SUBVENCION ASOCIACIONES CULTURALES,0.00,0203
2016,G,E,3341,48924,CONVENIO PEÑA FLAMENCA EL BUCARO,8000.00,0203
2016,G,E,3341,63212,REFORMA Y REHABILITACION ANTONIO GALA,0.00,0203
2016,G,E,3341,63223,PLAN DE MODERNIZACION DE INSTALACIONES CULTURALES,25115.73,0203
2016,G,E,3342,13000,RETRIBUCIONES BASICAS,45107.44,0203
2016,G,E,3342,13001,HORAS EXTRAORDINARIAS,6628.87,0203
2016,G,E,3342,13100,RET.BASICAS LABORAL EVENTUAL,15967.48,0203
2016,G,E,3342,15000,PRODUCTIVIDAD ,980.40,0203
2016,G,E,3342,15001,PRODUCTIVIDAD-CONSTANCIA,4577.76,0203
2016,G,E,3342,16000,SEGURIDAD SOCIAL,27425.45,0203
2016,G,E,3342,21303,MANTENIMIENTO DE EQUIPOS E INSTALACIONES,4606.15,0203
2016,G,E,3321,2260903,ESTUDIO ABIERTO,3185.20,0203
2016,G,E,3321,2260902,ACTIVIDADES DE ANIMACION A LA LECTURA,1500.00,0203
2016,G,E,3342,2260900,PROGRAMACION ARTES ESCENICAS Y CULTURALES,48991.61,0203
2016,G,E,3342,22646,III PLAN DE IGUALDAD DE OPORTUNIDADES,1935.39,0203
2016,G,E,3342,2269902,PLAN INTEGRAL DE LA JUVENTUD,1000.00,0203
2016,G,E,3342,22731,CONTRATO DE MANTENIMIENTO SISTEMA VENTA DE ENTRADAS,3054.45,0203
2016,G,E,3361,2260927,"SEMINARIO ""FRANCISCO SOSA""",2900.00,0203
2016,G,E,2211,16204,ACCION SOCIAL,1449.92,0204
2016,G,E,2211,16206,VESTUARIO,306.00,0204
2016,G,E,4331,13000,RETRIBUCIONES BASICAS,26363.56,0204
2016,G,E,4331,15001,PRODUCTIVIDAD-CONSTANCIA,2288.88,0204
2016,G,E,4331,16000,SEGURIDAD SOCIAL,6057.25,0204
2016,G,E,4331,21200,EDIFICIOS Y OTRAS COSNTRUCCIONES,60.00,0204
2016,G,E,4331,2260601,PROGRAMA PARA FORMACION EMPRESARIAL Y EMPRENDIMMIENTO,145.20,0204
2016,G,E,4331,22616,"CARTELERIA, INFORMACION Y DIVULGACIÇON ACCIONES SUBVENCIONADAS",0.00,0204
2016,G,E,4331,2269901,"SEGUNDO CONCURSO PROYECTOS E IDEAS EMPRESARIALES ""LA RINCONADA""",0.00,0204
2016,G,E,4331,47006,"A LA JUNTA DE COMPENSACION SUP 1.06, GASTOS FINANCIEROS AVALES",548.95,0204
2016,G,E,4331,48930,"CUOTAS COMUNIDAD PROPIETARIOS ""EL CAÑAMO I""",4936.68,0204
2016,G,E,4331,48937,"A LA ASOCIACION GRAN VEGA, CUOTA ANUAL",29541.16,0204
2016,G,E,4331,48941,A LA E.U.C.SUP.1.06 CUOTAS PARCELAS PROPIEDAD MUNICIPAL,26108.40,0204
2016,G,E,4331,61124,PROYECTOS GENERADORES DE EMPLEO Y DINAMIZACION ESPACIOS PRODUCTIVOS,0.00,0204
2016,G,E,4331,62241,P.F.O.E.A. (ESTABLE),17776.79,0204
2016,G,E,4331,77002,A JUNTA DE COMPENSACION SUP 1.06 (PRESTAMO MCT 2002),47911.19,0204
2016,G,E,4331,77003,A JUNTA DE COMPENSACION SUP 1.06 (PRESTAMO MCT 2003),30940.00,0204
2016,G,E,4912,22000,ORDINARIO NO INVENTARIABLE,0.00,0205
2016,G,E,4912,22200,SERVICIO DE TELECOMUNICACIONES,2536.83,0205
2016,G,E,4912,22500,TRIBUTOS ESTATALES,100.00,0205
2016,G,E,4912,22602,PUBLICIDAD Y PROPAGANDA,0.00,0205
2016,G,E,4912,2260202,REVISTA MUNICIPAL TOMA NOTA,36106.14,0205
2016,G,E,4912,2279955,SERVICIO BUSQUEDA DIGITAL DE NOTICIAS,2916.33,0205
2016,G,E,4912,41002,"TRANSFERENCIA A RADIO RINCONADA, GASTOS CORRIENTES",87429.25,0205
2016,G,E,2211,16206,VESTUARIO,204.00,0206
2016,G,E,4911,13100,RET.BASICAS LABORAL EVENTUAL,13817.76,0206
2016,G,E,4911,16000,SEGURIDAD SOCIAL,5380.30,0206
2016,G,E,4911,20500,ALQUILER MAQ. FOTOCOPIADORA,21602.60,0206
2016,G,E,4911,20508,ALQUILER SERVIDOR CASA CONSISTORIAL,2528.90,0206
2016,G,E,4911,21604,MANTENIMIENTO EQUIPOS INFORMATICOS,4178.76,0206
2016,G,E,4911,21605,MANTENIMIENTO PUNTOS WI-FI,2000.00,0206
2016,G,E,4911,22002,MATERIAL INFORMATICO NO INVENTARIABLE,879.77,0206
2016,G,E,4911,2200201,SOFTWARE Y NUEVOS PROYECTOS,9394.57,0206
2016,G,E,4911,2279951,MANTENIMIENTO PORTAL ADMON. ELECTRONICA,13000.00,0206
2016,G,E,4911,2279952,MANTENIMIENTO PORTAL WEB,9522.70,0206
2016,G,E,4911,2279953,MANTENIMIENTO LEY PROTECCION DE DATOS,2000.00,0206
2016,G,E,4911,2279954,MANTENIMIENTO PORTAL DEL EMPLEADO,4181.76,0206
2016,G,E,4911,2279960,SERVICIO DE FOTOCOPIAS,18526.81,0206
2016,G,E,4911,62507,MOBILIARIO,0.00,0206
2016,G,E,4911,62604,PLAN DE MODERNIZACION E INNOVACION TECNOLOGICA,2982.79,0206
2016,G,E,4911,62605,INTERCONECCION @ADMINISTRACION EDIFICIOS,0.00,0206
2016,G,E,3362,2269900,PROGRAMA MEMORIA HISTORICA,3541.91,0207
2016,G,E,3362,48960,APORTACION FUNDACION MERINALES,0.00,0207
2016,G,E,1531,61128,"RED VIARIA, SEÑALIZACION, ACCESIBILIDAD Y PASOS",2964.47,0301
2016,G,E,1532,61115,PLAN REHABILITACION Y ASFALTADO DE LA ESCENA URBANA,0.00,0301
2016,G,E,1533,12004,SUELDOS GRUPO C2,50807.88,0301
2016,G,E,1533,12005,SUELDOS GRUPO E,81457.09,0301
2016,G,E,1533,12006,TRIENIOS,20755.51,0301
2016,G,E,1533,12100,COMPLEMENTOS DE DESTINO,70329.14,0301
2016,G,E,1533,12101,COMPLEMENTOS ESPECIFICO,144409.51,0301
2016,G,E,1533,12103,OTROS COMPLEMENTOS,399.05,0301
2016,G,E,1533,13000,RETRIBUCIONES BASICAS,390252.86,0301
2016,G,E,1533,13001,HORAS EXTRAORDINARIAS,9700.52,0301
2016,G,E,1533,13002,OTRAS REMUNERACIONES,1515.60,0301
2016,G,E,1533,13100,RET.BASICAS LABORAL EVENTUAL,342142.13,0301
2016,G,E,1533,15000,PRODUCTIVIDAD ,30044.57,0301
2016,G,E,1533,15001,PRODUCTIVIDAD-CONSTANCIA,82724.23,0301
2016,G,E,1533,15100,GRATIFICACIONES,24401.18,0301
2016,G,E,1533,16000,SEGURIDAD SOCIAL,384315.11,0301
2016,G,E,1533,20300,ALQUILER DE TRASNPORTE Y MAQUINARIA,13029.34,0301
2016,G,E,1533,21000,INFRAESTRUCTURA Y BIENES NATURALES,26661.01,0301
2016,G,E,1533,21200,EDIFICIOS Y OTRAS COSNTRUCCIONES,11072.12,0301
2016,G,E,1533,21318,MANTENIMIENTO Y REPUESTOS PARQUE MOVIL LIMPIEZA,49049.34,0301
2016,G,E,1533,21320,CONTRATOS DE MANTENIMIENTO INSTALACIONES EDIFICIOS MUNICIPALES,52761.82,0301
2016,G,E,1533,21321,TRABAJOS ESPECIALES DE REPARACION,6257.53,0301
2016,G,E,1533,21400,MATERIAL DE TRANSPORTE,22872.94,0301
2016,G,E,1533,21401,MANTENIMIENTO CARROCERIAS Y ROTULACIONES,0.00,0301
2016,G,E,1533,22100,ENERGIA ELECTRICA,880182.59,0301
2016,G,E,1533,22101,AGUA,115852.61,0301
2016,G,E,1533,22103,COMBUSTIBLES Y CARBURANTES,44307.68,0301
2016,G,E,1533,2210401,VESTUARIO Y MATERIAL DE PROTECCION,24182.07,0301
2016,G,E,1533,22110,PRODUCTOS DE LIMPIEZA Y ASEO,22501.53,0301
2016,G,E,1533,2211201,SUMNISTRO DE MATERIAL ELECTRICO,41813.06,0301
2016,G,E,1533,2219917,SUMINISTROS DE FONTANERIA Y SANEAMIENTO,2549.96,0301
2016,G,E,1533,2219918,SUMINISTROS DE FERRETERIA,28143.40,0301
2016,G,E,1533,2219919,SUMINISTROS DE DROGUERIA Y PINTURA,8946.15,0301
2016,G,E,1533,2219920,SUMINISTROS CARPINTERIA METALICA,7437.68,0301
2016,G,E,1533,2219922,"SUMINISTROS CARPINTERIA MADERA, CRISTAL Y PERSIANAS",2049.28,0301
2016,G,E,1533,2219924,SUMINISTROS MATERIALES CONSTRUCCION,35355.02,0301
2016,G,E,1533,2270002,ALUMBRADO EVENTOS ESPECIALES,55770.11,0301
2016,G,E,1533,2270003,TRABAJOS ESPECIALES DE LIMPIEZA EN SOLARES,14163.05,0301
2016,G,E,1533,2270120,PLANES DE ACCION EN MATERIA DE P.R.I.,0.00,0301
2016,G,E,1533,2279946,MANTENIMIENTO MAQUINAS INDUSTRIALES DE CLIMATIZACION,0.00,0301
2016,G,E,1533,2279966,MANTENIMIENTO SISTEMA INCIDENCIA EN VIA PUBLICA,435.60,0301
2016,G,E,1533,61150,PLAN RENOVE ALUMBRADO PUBLICO,0.00,0301
2016,G,E,1533,62329,MATERIAL MOVIL PARA LIMPIEZA,291.07,0301
2016,G,E,1533,62332,SISTEMAS DE COMUNICACIÓN,0.00,0301
2016,G,E,1533,62511,EQUIPOS CLIMATIZACION,4884.50,0301
2016,G,E,1533,63206,PLAN EFICIENCIA ENERGETICA Y MODERNIZACION DE INFRAESTRUCTURAS,0.00,0301
2016,G,E,1533,63302,PLAN DE MODERNIZACION DE MAQUINARIA,14870.90,0301
2016,G,E,1533,63304,"MAQUINARIA, HERRAMIENTA Y UTILLAJE MENOR",12526.66,0301
2016,G,E,1533,63403,PLAN DE MODERNIZACION DE VEHICULOS,0.00,0301
2016,G,E,1534,13000,RETRIBUCIONES BASICAS,551390.73,0301
2016,G,E,1534,13001,HORAS EXTRAORDINARIAS,3477.86,0301
2016,G,E,1534,15000,PRODUCTIVIDAD ,4209.30,0301
2016,G,E,1534,15001,PRODUCTIVIDAD-CONSTANCIA,60492.72,0301
2016,G,E,1534,16000,SEGURIDAD SOCIAL,159732.74,0301
2016,G,E,1534,23120,LOCOMOCION PERSONAL NO DIRECTIVO,2833.46,0301
2016,G,E,1535,12004,SUELDOS GRUPO C2,8467.98,0301
2016,G,E,1535,12006,TRIENIOS,752.82,0301
2016,G,E,1535,12100,COMPLEMENTOS DE DESTINO,4312.98,0301
2016,G,E,1535,12101,COMPLEMENTOS ESPECIFICO,7100.38,0301
2016,G,E,1535,13000,RETRIBUCIONES BASICAS,60314.72,0301
2016,G,E,1535,13100,RET.BASICAS LABORAL EVENTUAL,10316.78,0301
2016,G,E,1535,15000,PRODUCTIVIDAD ,2556.00,0301
2016,G,E,1535,15001,PRODUCTIVIDAD-CONSTANCIA,6866.64,0301
2016,G,E,1535,16000,SEGURIDAD SOCIAL,31475.71,0301
2016,G,E,1535,22000,ORDINARIO NO INVENTARIABLE,844.39,0301
2016,G,E,1535,22002,MATERIAL INFORMATICO NO INVENTARIABLE,0.00,0301
2016,G,E,1535,22200,SERVICIO DE TELECOMUNICACIONES,18061.22,0301
2016,G,E,1535,22404,SEGUROS INMUEBLES DE LA CORPORACION,14800.00,0301
2016,G,E,1535,22405,SEGUROS DE VEHICULO,20508.00,0301
2016,G,E,1535,22407,SEGUROS INMUEBLES EDIFICIOS DE COLEGIOS,0.00,0301
2016,G,E,1535,22500,TRIBUTOS ESTATALES,0.00,0301
2016,G,E,1535,2279904,"MANTENIMIENTO, CONEXIÓN CENTRAL ALARMA Y REPARACION ALARMAS",0.00,0301
2016,G,E,1535,23120,LOCOMOCION PERSONAL NO DIRECTIVO,2861.16,0301
2016,G,E,1535,48926,REVERSION DE CONCESIONES DE QUIOSCOS,0.00,0301
2016,G,E,1535,62503,INSTALACION DE SISTEMA DE ALARMAS EN EDIF.MUNICIPALES,0.00,0301
2016,G,E,1711,12005,SUELDOS GRUPO E,46308.38,0301
2016,G,E,1711,12006,TRIENIOS,7139.71,0301
2016,G,E,1711,12100,COMPLEMENTOS DE DESTINO,24433.37,0301
2016,G,E,1711,12101,COMPLEMENTOS ESPECIFICO,51817.07,0301
2016,G,E,1711,12103,OTROS COMPLEMENTOS,330.38,0301
2016,G,E,1711,13000,RETRIBUCIONES BASICAS,24143.72,0301
2016,G,E,1711,13001,HORAS EXTRAORDINARIAS,152.30,0301
2016,G,E,1711,15000,PRODUCTIVIDAD ,6749.55,0301
2016,G,E,1711,15001,PRODUCTIVIDAD-CONSTANCIA,15928.35,0301
2016,G,E,1711,15100,GRATIFICACIONES,1627.90,0301
2016,G,E,1711,16000,SEGURIDAD SOCIAL,49994.51,0301
2016,G,E,1711,2219914,SUMINISTROS MEDIOAMBIENTALES,7472.83,0301
2016,G,E,1711,2270101,SERVICIO DE VIGILANCIA DE INFRAESTRUCTURAS Y ZONAS VERDES,6363.41,0301
2016,G,E,1711,2270107,SERVICIOA CONSERJERIA PARQUE 8 DE MARZO,26780.10,0301
2016,G,E,1711,2270111,SERVICIO CONSERJERIA PUNTOS LIMPIOS,25373.90,0301
2016,G,E,1711,2270115,SERVICIO CONSERJERIA PARQUE MIGUEL DE MAÑARA,25037.92,0301
2016,G,E,1711,2270119,CONTROL APARCAMIENTO PARQUE EL MAJUELO,0.00,0301
2016,G,E,1711,2279912,MANTENIMIENTO FASE I PARQUE DE LAS GRAVERAS,29679.00,0301
2016,G,E,1711,2279913,MANTENIMIENTO PASEO ARROYO,13494.75,0301
2016,G,E,1711,2279915,MANTENIMIENTO PARQUE EL MAJUELO,192858.07,0301
2016,G,E,1711,2279916,MANTENIMIENTO PARQUE DEHESA BOYAL,50667.14,0301
2016,G,E,1711,2279918,MANTENIMIENTO PARQUE BARRIADAS SANTA CRUZ,87063.78,0301
2016,G,E,1711,2279919,MANTENIMIENTO ZONA AJARDINADA S LA RINCONADA,44291.14,0301
2016,G,E,1711,2279920,"MANTENIMIENTO PARQUES, JUEGOS INFANTILES Y AUTOMATISMOS RIEGO",38831.54,0301
2016,G,E,1711,2279924,"MANTENIMIENTO ZONAS AJARDINADAS, PODAS",12194.26,0301
2016,G,E,1711,2279928,"MANTENIMIENTO ZONAS AJARDINADAS, PAGO DE EN MEDIO",43137.20,0301
2016,G,E,1711,61123,PLAN DE MODERNIZACION DE PARQUES Y ESCENA URBANA,0.00,0301
2016,G,E,1711,63301,MODERNIZACION DE SISTEMAS DE IEGO Y REFORESTACION,287.98,0301
2016,G,E,2211,16204,ACCION SOCIAL,9476.79,0301
2016,G,E,2211,16206,VESTUARIO,2754.00,0301
2016,G,E,3111,2279944,RECOGIDA DE NARANJA AMRGA,4800.00,0301
2016,G,E,3111,2279945,"CAMPAÑA DESRATIZACION, DESINFECCION DE EDIFICIOS Y VIVIENDAS",6398.90,0301
2016,G,E,1641,12005,SUELDOS GRUPO E,7931.07,0302
2016,G,E,1641,12006,TRIENIOS,1169.11,0302
2016,G,E,1641,12100,COMPLEMENTOS DE DESTINO,4410.65,0302
2016,G,E,1641,12101,COMPLEMENTOS ESPECIFICO,8062.31,0302
2016,G,E,1641,15000,PRODUCTIVIDAD ,396.52,0302
2016,G,E,1641,15001,PRODUCTIVIDAD-CONSTANCIA,2288.88,0302
2016,G,E,1641,16000,SEGURIDAD SOCIAL,-1129.25,0302
2016,G,E,4411,2279940,CONTRATO DE TRANSPORTE INTERURBANO,211600.15,0303
2016,G,E,4411,46700,APORTACION CONCORCIO TRANSPORTE A.METROPOLITANA,143870.00,0303
2016,G,E,4411,76700,APORTACION CONCORCIO TRANSPORTE AREA METROPOLITANA,147.00,0303
2016,G,E,4412,2260204,"PUBLICIDA, PROPAGANDA Y APOYO SECTOR TAXI",5473.71,0303
2016,G,E,4412,77001,A TAXISTAS PARA ADQUISICION DE TAXIMETRO,0.00,0303
2016,G,E,1621,2279962,CONTRATO CESPA S.A. RECOGIDA RSU,601637.22,0304
2016,G,E,1621,2279964,RECOGIDA DE RESIDUOS EN PUNTO VERDE,60345.83,0304
2016,G,E,1621,35802,INTERESES LEASING CAMION RSU 2009,379.11,0304
2016,G,E,1621,60100,SOTERRAMIENTO-REUBICACION CONTENEDORES,0.00,0304
2016,G,E,1621,63501,"SUMINISTRO DE CONTENEDORES, PAPELERAS Y MEDIOS LIMPIEZA",1182.41,0304
2016,G,E,1621,64802,CUOTAS LEASING CAMION RSU 2009,30428.55,0304
2016,G,E,1623,46301,"A LA MANCOMUNIDAD, PLANTA TRATAMIENTO",378788.39,0304
2016,G,E,1502,12000,SUELDOS GRUPO A1,29648.44,0401
2016,G,E,1502,12003,SUELDOS GRUPO C1,19957.44,0401
2016,G,E,1502,12006,TRIENIOS,9474.59,0401
2016,G,E,1502,12100,COMPLEMENTOS DE DESTINO,24179.79,0401
2016,G,E,1502,12101,COMPLEMENTOS ESPECIFICO,28267.30,0401
2016,G,E,1502,13000,RETRIBUCIONES BASICAS,45404.19,0401
2016,G,E,1502,15000,PRODUCTIVIDAD ,12018.76,0401
2016,G,E,1502,15001,PRODUCTIVIDAD-CONSTANCIA,13658.24,0401
2016,G,E,1502,16000,SEGURIDAD SOCIAL,49890.86,0401
2016,G,E,1502,21602,MANTº RED INFORMATICA Y EQUIPOS DPTOº DE URBANISMO,0.00,0401
2016,G,E,1502,22000,ORDINARIO NO INVENTARIABLE,1489.22,0401
2016,G,E,1502,22001,"PRENSA,REVISTA,LIBROS Y OTRAS PUBLICACIONES",0.00,0401
2016,G,E,1502,22002,MATERIAL INFORMATICO NO INVENTARIABLE,0.00,0401
2016,G,E,1502,22200,SERVICIO DE TELECOMUNICACIONES,3833.83,0401
2016,G,E,1502,62500,MOBILIARIO TENENCIA ALCALDIA,500.00,0401
2016,G,E,1511,62103,EXPROPIACIONES PAGO DE EN MEDIO,91719.24,0401
2016,G,E,1511,64024,REVISION PARCIAL PGOU,0.00,0401
2016,G,E,1512,12000,SUELDOS GRUPO A1,43282.27,0401
2016,G,E,1512,12001,SUELDOS DEL GRUPO A2,26071.04,0401
2016,G,E,1512,12006,TRIENIOS,5721.04,0401
2016,G,E,1512,12100,COMPLEMENTOS DE DESTINO,35250.79,0401
2016,G,E,1512,12101,COMPLEMENTOS ESPECIFICO,34559.44,0401
2016,G,E,1512,13000,RETRIBUCIONES BASICAS,78927.37,0401
2016,G,E,1512,15001,PRODUCTIVIDAD-CONSTANCIA,18123.43,0401
2016,G,E,1512,16000,SEGURIDAD SOCIAL,75900.11,0401
2016,G,E,1512,22616,"CARTELERIA, INFORMACION Y DIVULGACIÇON ACCIONES SUBVENCIONADAS",199.66,0401
2016,G,E,1512,2270652,"CONTROL ENSAYO, GEOTECNICA Y OTROS",6980.01,0401
2016,G,E,1512,23120,LOCOMOCION PERSONAL NO DIRECTIVO,6463.23,0401
2016,G,E,1512,48012,A LA E.U.C NUEVA JARILLA RESIDENCIAL PARA COSTES DE MANTENIMIENTO,0.00,0401
2016,G,E,1512,62200,"REDACCION DE PROYECTOS, CALCULOS Y ESTRUCTURAS",7986.00,0401
2016,G,E,2211,16204,ACCION SOCIAL,2774.08,0401
2016,G,E,2211,16206,VESTUARIO,4284.00,0401
2016,G,E,1701,13000,RETRIBUCIONES BASICAS,21089.48,0402
2016,G,E,1701,15000,PRODUCTIVIDAD ,1195.38,0402
2016,G,E,1701,15001,PRODUCTIVIDAD-CONSTANCIA,2288.88,0402
2016,G,E,1701,16000,SEGURIDAD SOCIAL,8395.69,0402
2016,G,E,1701,22500,TRIBUTOS ESTATALES,4293.87,0402
2016,G,E,1701,22602,PUBLICIDAD Y PROPAGANDA,411.40,0402
2016,G,E,1701,22706,ESTUDIOS Y TRABAJOS TECNICOS,0.00,0402
2016,G,E,1701,2279910,NOTIFICACIONES Y REPARTO,89.84,0402
2016,G,E,1701,23120,LOCOMOCION PERSONAL NO DIRECTIVO,1385.91,0402
2016,G,E,1722,2260203,CAMPAÑA DIFUSION MATERIA MEDIO AMBIENTAL,4196.30,0402
2016,G,E,1722,2260608,FORMACION EN EFICIENCIA ENERGETICA,0.00,0402
2016,G,E,1722,2260622,FORO MEDIOAMBIENTAL,0.00,0402
2016,G,E,1722,2269902,PLAN INTEGRAL DE LA JUVENTUD,0.00,0402
2016,G,E,1722,2269917,ACTIVIDADES MEDIOMABIENTALES,4808.20,0402
2016,G,E,1722,2269948,CONTRATO VERDE,0.00,0402
2016,G,E,1722,2279905,PROGRAMA INTEGRAL DE ACCION PARA ANOMALES DE COMPAÑÍA,0.00,0402
2016,G,E,1722,2279927,MANTENIMIENTO PAGINA WEB DE TRANSPORTE DE LA RINCONADA,490.00,0402
2016,G,E,1722,2279958,CONVENIO COLEGIO DE VETERINAROS,3630.00,0402
2016,G,E,1722,2279969,RECOGIDA Y DESTRUCCION DE DOCUMENTOS,2640.00,0402
2016,G,E,1722,46603,CUOTAS REDES CIUDADES POR EL CLIMA Y OTRAS,150.00,0402
2016,G,E,1722,46605,ADEHESION RED DE CIUDADES POR LA BICICLETA,600.00,0402
2016,G,E,1722,46606,CUOTAS REDE CIUDADES QUE CAMINAN,300.00,0402
2016,G,E,1722,60160,IMPLANTACION ACCIONES PLAN DE ACCION MEDIOAMBIENTAL,0.00,0402
2016,G,E,1722,60910,RUTAS Y VIAS VERDES,0.00,0402
2016,G,E,1722,61117,P.F.O.E.A. (GARANTIA DE RENTAS),0.00,0402
2016,G,E,1722,62231,CERRAMIENTO Y OBRAS EN EDIF.MUNICIPALES Y NO MUNICIPALES,0.00,0402
2016,G,E,2211,16206,VESTUARIO,306.00,0402
2016,G,E,1521,44004,A SODERIN 21 DESARROLLO Y VIVIENDA PAGO ICIO,0.00,0404
2016,G,E,1521,48956,APORTACION MUNICIPAL A ORGANISMOS DE VICIENDA,0.00,0404
2016,G,E,1522,22646,III PLAN DE IGUALDAD DE OPORTUNIDADES,0.00,0404
2016,G,E,1522,78003,PROGRAMA REHABILITACION DE VIVIENDAS,0.00,0404
2016,G,E,9251,14002,OFICINA ASESORAMIENTO CONTRA DESAHUCIOS,0.00,0404
2016,G,E,9251,15001,PRODUCTIVIDAD-CONSTANCIA,0.00,0404
2016,G,E,9251,16000,SEGURIDAD SOCIAL,0.00,0404
2016,G,E,9251,22000,ORDINARIO NO INVENTARIABLE,0.00,0404
2016,G,E,2211,16204,ACCION SOCIAL,2385.59,0501
2016,G,E,2211,16206,VESTUARIO,5304.00,0501
2016,G,E,2311,12004,SUELDOS GRUPO C2,8467.98,0501
2016,G,E,2311,12006,TRIENIOS,2522.28,0501
2016,G,E,2311,12100,COMPLEMENTOS DE DESTINO,4312.98,0501
2016,G,E,2311,12101,COMPLEMENTOS ESPECIFICO,7539.42,0501
2016,G,E,2311,13000,RETRIBUCIONES BASICAS,27138.72,0501
2016,G,E,2311,15000,PRODUCTIVIDAD ,6465.36,0501
2016,G,E,2311,15001,PRODUCTIVIDAD-CONSTANCIA,4577.76,0501
2016,G,E,2311,16000,SEGURIDAD SOCIAL,18065.19,0501
2016,G,E,2311,20200,ARRENDAMIENTO DE EDIFICIOS Y OTRAS CONSTRUCCIONES,0.00,0501
2016,G,E,2311,22000,ORDINARIO NO INVENTARIABLE,1797.49,0501
2016,G,E,2311,22002,MATERIAL INFORMATICO NO INVENTARIABLE,80.36,0501
2016,G,E,2311,22200,SERVICIO DE TELECOMUNICACIONES,10783.36,0501
2016,G,E,2311,22602,PUBLICIDAD Y PROPAGANDA,0.00,0501
2016,G,E,2311,23120,LOCOMOCION PERSONAL NO DIRECTIVO,1430.64,0501
2016,G,E,2311,41000,"AL PATRONATO PERSONAS CON DISCAPACIDAD, GASTOS CORRIENTES",53060.08,0501
2016,G,E,2311,41001,AL PATRONATO DEPORTES,40000.00,0501
2016,G,E,2311,71001,"AL PATRONATO PERSONAS CON DISCAPACIDAD, GASTOS CAPITAL",418.00,0501
2016,G,E,2312,13000,RETRIBUCIONES BASICAS,257317.41,0501
2016,G,E,2312,13100,RET.BASICAS LABORAL EVENTUAL,23051.67,0501
2016,G,E,2312,15001,PRODUCTIVIDAD-CONSTANCIA,17079.05,0501
2016,G,E,2312,16000,SEGURIDAD SOCIAL,81704.13,0501
2016,G,E,2312,2269946,PROGRAMA BANCO DE ALIMENTOS,17203.79,0501
2016,G,E,2312,23120,LOCOMOCION PERSONAL NO DIRECTIVO,1430.64,0501
2016,G,E,2312,48001,SUBVENCION A CARITAS,7875.00,0501
2016,G,E,2312,48002,AYUDAS DE EMRGENCIA SOCIAL Y CONTRA LA EXCLUSION,74606.73,0501
2016,G,E,2312,48003,AYUDAS ECONOMICAS-FAMILIARES PARA LA INCLUSION SOCIAL,52113.49,0501
2016,G,E,2312,48010,PLAN EXTRAORDINARIO AYUDAS DE EMERGENCIA PARA LA INCLUSION SOCIAL,82817.04,0501
2016,G,E,2313,13000,RETRIBUCIONES BASICAS,73484.58,0501
2016,G,E,2313,13002,OTRAS REMUNERACIONES,1263.56,0501
2016,G,E,2313,14303,REFUERZO PLANTILLA ATENCION AL EMIGRANTE,0.00,0501
2016,G,E,2313,15001,PRODUCTIVIDAD-CONSTANCIA,18755.06,0501
2016,G,E,2313,16000,SEGURIDAD SOCIAL,12476.58,0501
2016,G,E,2313,2269902,PLAN INTEGRAL DE LA JUVENTUD,1000.00,0501
2016,G,E,2313,2269915,PLAN MUNICIPAL DE DROGODEPENDENCIA,35502.01,0501
2016,G,E,2313,2269930,PROGRAMA ARQUIMIDES,0.00,0501
2016,G,E,2313,2269931,INTERVENCION ENZONAS CON NECESIDAD DE TRANSFORMACION,0.00,0501
2016,G,E,2313,2269933,PROGRAMA DE ATENCION FAMILIAR,32703.21,0501
2016,G,E,2313,2269936,"COOPERACION, ACTIVIDADES Y PROYECTOS SOCIALES",1682.00,0501
2016,G,E,2313,2269939,PROGRAMA DE IGUALDAD DE OPORTUNIDADES,2000.00,0501
2016,G,E,2313,2269944,INTEGRACION SOCIAL PARA INMIGRANTES,0.00,0501
2016,G,E,2313,2269945,SERVICIO DE ATENCION SOCIO-EDUCATIVA,0.00,0501
2016,G,E,2313,2269947,PROGRAMA TRATAMIENTO FAMILIA CON MENORES,91206.00,0501
2016,G,E,2313,2279949,PROGRAMA DE VOLUNTARIADO,0.00,0501
2016,G,E,2313,2279967,PROGRAMA DE ATENCION INFANTIL TEMPRANA (P.A.I.T),90000.00,0501
2016,G,E,2313,23120,LOCOMOCION PERSONAL NO DIRECTIVO,0.00,0501
2016,G,E,2313,48005,CONVENIO ASOCIACION ALCOHOLICOS REHABILITADOS SAN JOSE,1125.00,0501
2016,G,E,2313,48006,CONVENIO ASOCIACION ALZHEIMER,2250.00,0501
2016,G,E,2313,63221,REHABILITACION EDIFICIO CENTRO DE MAYORES DE LA RINCONADA,0.00,0501
2016,G,E,2314,14001,REFUERZO PERSONAL LEY DEPENDENCIA,36394.90,0501
2016,G,E,2314,2279937,SERVICIO MUNICIPAL DE REFUERZO DE AYUDA A DOMICILIO Y DEPENDENCIA,85540.00,0501
2016,G,E,2314,2279938,CONVENIO SERVICIO DE AYUDA A DOMICILIO (LEY DEPENDENCIA),843485.28,0501
2016,G,E,2314,2279986,PROGRAMA CONSOLIDACION S.A.D.,0.00,0501
2016,G,E,2211,16204,ACCION SOCIAL,775.00,0502
2016,G,E,2211,16206,VESTUARIO,867.00,0502
2016,G,E,3200,13000,RETRIBUCIONES BASICAS,74656.20,0502
2016,G,E,3200,13100,RET.BASICAS LABORAL EVENTUAL,15747.67,0502
2016,G,E,3200,15000,PRODUCTIVIDAD ,720.00,0502
2016,G,E,3200,15001,PRODUCTIVIDAD-CONSTANCIA,4577.76,0502
2016,G,E,3200,16000,SEGURIDAD SOCIAL,30604.71,0502
2016,G,E,3200,23120,LOCOMOCION PERSONAL NO DIRECTIVO,738.00,0502
2016,G,E,3230,47201,CONCESION ESCUELA INFANTIL GLORIA FUERTES,399096.28,0502
2016,G,E,3230,47202,CONCESION ESCUELA INFANTIL GUARDERIA ALMONAZAR,263434.05,0502
2016,G,E,3230,47203,CONCESION ESCUELA INFANTIL GUARDERIA SANTA CRUZ,256570.01,0502
2016,G,E,3230,13000,RETRIBUCIONES BASICAS,191840.35,0502
2016,G,E,3230,13001,HORAS EXTRAORDINARIAS,2491.40,0502
2016,G,E,3230,15000,PRODUCTIVIDAD ,2520.00,0502
2016,G,E,3230,15001,PRODUCTIVIDAD-CONSTANCIA,19455.48,0502
2016,G,E,3230,16000,SEGURIDAD SOCIAL,79905.43,0502
2016,G,E,3230,21201,MANTENIMIENTO CENTROS EDUCATIVOS,42738.83,0502
2016,G,E,3230,22001,"PRENSA,REVISTA,LIBROS Y OTRAS PUBLICACIONES",0.00,0502
2016,G,E,3230,22103,COMBUSTIBLES Y CARBURANTES,13914.86,0502
2016,G,E,3230,22110,PRODUCTOS DE LIMPIEZA Y ASEO,14549.49,0502
2016,G,E,3230,2279948,SERVICIO AUXILIARES DE APOYO AULAS 2º CICLO INFANTIL,55610.37,0502
2016,G,E,3260,2260657,ACTOS DE DIFUSION EDUCATIVOS,1647.39,0502
2016,G,E,3260,22646,III PLAN DE IGUALDAD DE OPORTUNIDADES,1000.00,0502
2016,G,E,3260,2269902,PLAN INTEGRAL DE LA JUVENTUD,650.00,0502
2016,G,E,3260,48100,"PREMIOS, BECAS COMEDOR Y MATERIAL BIBLIOGRAFICO",53734.80,0502
2016,G,E,3260,48900,OTRAS TRANSFERENCIAS,20704.91,0502
2016,G,E,3260,78900,OTRAS TRANSFERENCIAS,4126.05,0502
2016,G,E,3260,78901,PLAN ACCESIBILIDAD Y ELIMINACION BARRERAS EN CENTROS EDUCATIVOS,0.00,0502
2016,G,E,1301,22000,ORDINARIO NO INVENTARIABLE,669.71,0601
2016,G,E,1301,22001,"PRENSA,REVISTA,LIBROS Y OTRAS PUBLICACIONES",0.00,0601
2016,G,E,1301,22002,MATERIAL INFORMATICO NO INVENTARIABLE,0.00,0601
2016,G,E,1301,22200,SERVICIO DE TELECOMUNICACIONES,7200.90,0601
2016,G,E,1301,23120,LOCOMOCION PERSONAL NO DIRECTIVO,1430.64,0601
2016,G,E,1321,12001,SUELDOS DEL GRUPO A2,26415.75,0601
2016,G,E,1321,12003,SUELDOS GRUPO C1,384544.84,0601
2016,G,E,1321,12006,TRIENIOS,79959.24,0601
2016,G,E,1321,12100,COMPLEMENTOS DE DESTINO,181376.16,0601
2016,G,E,1321,12101,COMPLEMENTOS ESPECIFICO,402826.05,0601
2016,G,E,1321,12103,OTROS COMPLEMENTOS,867.93,0601
2016,G,E,1321,13000,RETRIBUCIONES BASICAS,81388.44,0601
2016,G,E,1321,13100,RET.BASICAS LABORAL EVENTUAL,14928.35,0601
2016,G,E,1321,15000,PRODUCTIVIDAD ,309263.20,0601
2016,G,E,1321,15001,PRODUCTIVIDAD-CONSTANCIA,100691.64,0601
2016,G,E,1321,15100,GRATIFICACIONES,192084.91,0601
2016,G,E,1321,16000,SEGURIDAD SOCIAL,443918.20,0601
2016,G,E,1321,21220,MANTENIMIENTO CENTRAL MIXTA DE SEGURIDAD,1004.70,0601
2016,G,E,1321,21300,MANTENIMINETO EQUIPO DE TRANSMISIONES,2054.63,0601
2016,G,E,1321,21400,MATERIAL DE TRANSPORTE,15965.76,0601
2016,G,E,1321,22103,COMBUSTIBLES Y CARBURANTES,9462.37,0601
2016,G,E,1321,22104,VESTUARIO,9820.26,0601
2016,G,E,1321,22105,PRODUCTOS ALIMENTICIOS,0.00,0601
2016,G,E,1321,22106,PRODUCTOS FARMACEUTICOS Y MATERIAL SANITARIO,0.00,0601
2016,G,E,1321,2219909,"OTROS: MUNICION,EXTINTORES…",457.52,0601
2016,G,E,1321,22400,PRIMA DE SEGUROS,3690.00,0601
2016,G,E,1321,22701,SEGURIDAD,30680.89,0601
2016,G,E,1321,2270109,CAMPAÑAS DE TRAFICO Y SEGURIDAD VIAL,1524.60,0601
2016,G,E,1321,2279902,SERVICIO DE GRUA,1190.64,0601
2016,G,E,1321,2279965,MANTENIMINETO SISTEMAS DE GESTION INFORMATICOS,1787.63,0601
2016,G,E,1321,62553,ADQUISICION PISTOLA,4840.00,0601
2016,G,E,1321,62566,EQUIPAMIENTO CENTRAL MIXTA DE SEGURIDAD,0.00,0601
2016,G,E,1321,62577,SISTEMAS DE SEGURIDAD VIAL,222.16,0601
2016,G,E,1321,62578,MATERIALES DE PROTECCION,681.61,0601
2016,G,E,2211,16204,ACCION SOCIAL,6272.10,0601
2016,G,E,2211,16206,VESTUARIO,1071.00,0601
2016,G,E,1361,15103,SERVICIO EXTRAORDINARIO DE BOMBEROS,102550.00,0602
2016,G,E,1361,21202,MANTENIMIENTO PARQUE BOMBEROS,502.14,0602
2016,G,E,1361,22103,COMBUSTIBLES Y CARBURANTES,4406.68,0602
2016,G,E,1361,2219928,MATERIALES DIVERSOS BOMBEROS,805.05,0602
2016,G,E,1361,46101,"A DIPUTACION, CONVENIO BOMBEROS",37500.00,0602
2016,G,E,1361,62303,P.F.O.E.A. (ESTABLE),0.00,0602
2016,G,E,2211,16200,FORMACION Y PERDECCIONAMIENTO DEL PERSONAL,1050.00,0701
2016,G,E,2211,16204,ACCION SOCIAL,545.72,0701
2016,G,E,2211,1620501,SEGURO DE VIDA,30594.99,0701
2016,G,E,2211,16206,VESTUARIO,1836.00,0701
2016,G,E,2211,16207,GASTOS DE PROTESIS Y TRATAMIENTOS ODONTOLÓGICOS,44833.86,0701
2016,G,E,9221,12003,SUELDOS GRUPO C1,14020.19,0701
2016,G,E,9221,12004,SUELDOS GRUPO C2,1651.29,0701
2016,G,E,9221,12006,TRIENIOS,1894.97,0701
2016,G,E,9221,12009,OTRAS RETRIBUCIONES BASICAS,94691.51,0701
2016,G,E,9221,12100,COMPLEMENTOS DE DESTINO,7702.21,0701
2016,G,E,9221,12101,COMPLEMENTOS ESPECIFICO,12272.45,0701
2016,G,E,9221,13000,RETRIBUCIONES BASICAS,102090.61,0701
2016,G,E,9221,13002,OTRAS REMUNERACIONES,140695.08,0701
2016,G,E,9221,13100,RET.BASICAS LABORAL EVENTUAL,112996.90,0701
2016,G,E,9221,15000,PRODUCTIVIDAD ,5355.41,0701
2016,G,E,9221,15001,PRODUCTIVIDAD-CONSTANCIA,15449.94,0701
2016,G,E,9221,15100,GRATIFICACIONES,23949.89,0701
2016,G,E,9221,16000,SEGURIDAD SOCIAL,76992.45,0701
2016,G,E,9221,16106,PROVISIONES POR JUBILACION Y OTROS CONCEPTOS,42000.00,0701
2016,G,E,9221,22000,ORDINARIO NO INVENTARIABLE,419.84,0701
2016,G,E,9221,22200,SERVICIO DE TELECOMUNICACIONES,3341.97,0701
2016,G,E,9221,22607,OPOSICIONES Y PRUEBAS SELECTIVAS,0.00,0701
2016,G,E,9221,22750,SERVICIO DE PREVENCION AJENO,8966.10,0701
2016,G,E,9221,22754,SERVICIO DE PREVENCION AJENO (GESTION PROPIA),0.00,0701
2016,G,E,9221,22797,VIGILANCIA DE LA SALUD DE LOS TRABAJADORES,5633.26,0701
2016,G,E,9221,23020,DIETAS DEL PERSONAL DIRECTIVO,470.86,0701
2016,G,E,9221,23120,LOCOMOCION PERSONAL NO DIRECTIVO,3746.36,0701
2016,G,E,9221,48103,PREMIOS A LA EFICIENCIA,350.00,0701
2016,G,E,9221,83000,ANTICIPOS AL PERSONAL A CORTO PLAZO,29298.00,0701
2016,G,E,9221,83100,ANTICIPOS AL PERSONAL A LARGO PLAZO,49100.00,0701
2016,G,E,9221,83101,ANTICIPOS AL PERSONAL FONDO EXTRAORDINARIO,1000.00,0701
2016,G,E,3381,22000,ORDINARIO NO INVENTARIABLE,129.68,0801
2016,G,E,3381,2269924,FIESTAS PATRONALES DE LA RINCONADA,1838.00,0801
2016,G,E,3381,2269970,CABALGATAS REYES MAGOS LA RINCONADA,33167.40,0801
2016,G,E,3381,2269971,CARNAVAL DE LA RINCONADA(UNIFICADO),50640.49,0801
2016,G,E,3381,2269972,CELEBRACION DIA DE ANDALUCIA,4375.58,0801
2016,G,E,3381,2269973,CELEBRACION DE FERIAS,81542.60,0801
2016,G,E,3381,2279942,GASTOS DE PROMOCION DE FESTEJOS POPULARES,1239.15,0801
2016,G,E,3381,48902,SUBVENCION HERMANDADES SEMANA SANTA,12000.00,0801
2016,G,E,3381,48907,"SUBVENCION HERMANDAD DE LA SALUD, CELEBRACION CORPUS CHRISTI",0.00,0801
2016,G,E,3381,48908,"SUBVENCION HDAD. CRISTO DEL PERDON, CRUCES DE MAYO",600.00,0801
2016,G,E,3381,48909,"SUBVENCION HDAD. VIRGEN DE LOS DOLORES, FIESTA PATRONALES",450.00,0801
2016,G,E,3381,48910,"SUBVENCION PEÑA MOTERA, RUTA MOTOTURISTICA",800.00,0801
2016,G,E,3381,48928,SUBVENCION DIA DEL PATRON,1502.53,0801
2016,G,E,3381,48951,"SUBVENCION AGRUPACION SAN ISIDRO, ROMERIA",700.00,0801
2016,G,E,2211,16204,ACCION SOCIAL,337.56,0901
2016,G,E,2211,16206,VESTUARIO,612.00,0901
2016,G,E,3371,13000,RETRIBUCIONES BASICAS,48393.69,0901
2016,G,E,3371,13001,HORAS EXTRAORDINARIAS,1493.95,0901
2016,G,E,3371,15000,PRODUCTIVIDAD ,3200.02,0901
2016,G,E,3371,15001,PRODUCTIVIDAD-CONSTANCIA,4577.76,0901
2016,G,E,3371,16000,SEGURIDAD SOCIAL,18428.90,0901
2016,G,E,3371,22000,ORDINARIO NO INVENTARIABLE,141.11,0901
2016,G,E,3371,22001,"PRENSA,REVISTA,LIBROS Y OTRAS PUBLICACIONES",0.00,0901
2016,G,E,3371,22200,SERVICIO DE TELECOMUNICACIONES,3325.19,0901
2016,G,E,3371,23120,LOCOMOCION PERSONAL NO DIRECTIVO,1430.64,0901
2016,G,E,3372,21219,MANTENIMIENTO Y MEJORA DE ESPACIOS JUVENILES,19.61,0901
2016,G,E,3372,21400,MATERIAL DE TRANSPORTE,0.00,0901
2016,G,E,3372,22104,VESTUARIO,687.28,0901
2016,G,E,3372,2260614,ACTIVIDADES FORMATIVAS Y ESCUELA DE TIEMPO LIBRE,0.00,0901
2016,G,E,3372,22646,III PLAN DE IGUALDAD DE OPORTUNIDADES,1000.00,0901
2016,G,E,3372,2269921,PROGRAMACION ESPACIO JOVEN,2973.06,0901
2016,G,E,3372,2269984,ACTIVIDADES EN LA NATURALEZA,31679.67,0901
2016,G,E,3372,2269985,PLAN INFORMACION Y DIVULGACION C.I.J.,8986.71,0901
2016,G,E,3372,2279922,PROGRAMA DE OCIO AL AIRE LIBRE,2811.96,0901
2016,G,E,3372,2279996,"PLAN DE OCIO ALTERNATIVO, DIVERSIO 180º",24592.67,0901
2016,G,E,3372,2279997,CLUB DIVERSIA,9255.35,0901
2016,G,E,3372,48914,SUBVENCION A ASOCIACIONES JUVENILES,0.00,0901
2016,G,E,3372,62216,INVERSIONES EN ESPACIOS JUVENILES,0.00,0901
2016,G,E,2211,16206,VESTUARIO,229.50,0902
2016,G,E,4931,22000,ORDINARIO NO INVENTARIABLE,66.09,0902
2016,G,E,4931,22200,SERVICIO DE TELECOMUNICACIONES,1552.43,0902
2016,G,E,4931,48935,ASESORAMIENTO CONTRA DESAHUCIOS Y OTRAS ACTIVIDADES,0.00,0902
2016,G,E,4931,48952,SERVICIOS EN LA OMIC,4461.74,0902
2016,G,E,9241,13001,HORAS EXTRAORDINARIAS,531.82,0902
2016,G,E,9241,13100,RET.BASICAS LABORAL EVENTUAL,17599.31,0902
2016,G,E,9241,15001,PRODUCTIVIDAD-CONSTANCIA,0.00,0902
2016,G,E,9241,16000,SEGURIDAD SOCIAL,5804.29,0902
2016,G,E,9241,22000,ORDINARIO NO INVENTARIABLE,0.00,0902
2016,G,E,9241,22002,MATERIAL INFORMATICO NO INVENTARIABLE,0.00,0902
2016,G,E,9241,22200,SERVICIO DE TELECOMUNICACIONES,603.02,0902
2016,G,E,9241,2260605,DESARROLLO DE DISTRITOS,0.00,0902
2016,G,E,9241,2260606,SERVICIO DE ATENCION AL CIUDADANO,0.00,0902
2016,G,E,9241,2260615,COMUNICACIÓN Y PARTICIPACION,0.00,0902
2016,G,E,9241,22646,III PLAN DE IGUALDAD DE OPORTUNIDADES,0.00,0902
2016,G,E,9241,2269902,PLAN INTEGRAL DE LA JUVENTUD,400.00,0902
2016,G,E,9241,48912,CONVENIO CON ACAT,10500.00,0902
2016,G,E,9241,48913,SUBVENCIONES A ENTIDADES ASOCIATIVAS,7174.13,0902
2016,G,E,9241,48923,PLAN DINAMIZACION TEJIDO ASOCIATIVO,0.00,0902
2016,G,E,9241,48925,PROMOCION DE ACTIVIDADES DE INICIATIVA CIUDADANA,2625.00,0902
2016,G,E,4314,22737,ACTIVIDADES DE PROMOCION DEL MUNICIPIO,12709.16,1001
2016,G,E,4314,2279926,PLAN MUNICIPAL DE APOYO AL COMERCIO Y AGROINDUSTRIA,46824.60,1001
2016,G,E,4314,47901,APOYO A EMPRESAS Y PROMOCION DE FERIAS,0.00,1001
2016,G,E,4314,48007,"A LA CAMARA DE COMERCIO, PROGRAM ANTENAS",2298.55,1001
2016,G,E,4314,77004,INCENTIVOS A LA MODERNIZACION E INNOVACION SECTORES ESTRATEGICOS,0.00,1001
2016,G,E,3112,22646,III PLAN DE IGUALDAD DE OPORTUNIDADES,0.00,1101
2016,G,E,3112,2279941,PLAN MUNICIPAL DE PROMOCION DE CIUDADANIA SALUDABLE,2950.24,1101
2016,G,E,3112,2279943,CONTROL Y RECOGIDA DE PERROS VAGABUNCOS Y OTROS ANIMALES,7018.00,1101
2016,G,E,3112,46601,CUOTA RED ANDALUZA DE CIUDADES SALUDABLES,351.08,1101
2016,G,E,3112,48014,AYUDAS SOCIALES Y SANITARIAS,5662.65,1101
2016,G,E,3112,48015,PLAN INTEGRAL DE LA JUVENTUD,0.00,1101
2016,G,E,1351,22000,ORDINARIO NO INVENTARIABLE,73.53,1102
2016,G,E,1351,22103,COMBUSTIBLES Y CARBURANTES,913.49,1102
2016,G,E,1351,22104,VESTUARIO,367.84,1102
2016,G,E,1351,22105,PRODUCTOS ALIMENTICIOS,672.45,1102
2016,G,E,1351,22107,PRODUCTOS FARMACEUTICOS Y MATERIAL SANITARIO,446.38,1102
2016,G,E,1351,22199,OTROS SUMINISTROS,728.42,1102
2016,G,E,1351,22400,PRIMA DE SEGUROS,5333.27,1102
2016,G,E,1351,22602,PUBLICIDAD Y PROPAGANDA,0.00,1102
2016,G,E,1351,22606,"REUNIONES, CONFERENCIA Y CURSOS",650.00,1102
2016,G,E,1351,2260616,CURSOS PERFECCIONAMMIENTO VOLUNTARIOS,0.00,1102
2016,G,E,1351,62540,ADQUISICION ENSERES PROTECCION CIVIL,3109.71,1102
2016,G,E,2316,22646,III PLAN DE IGUALDAD DE OPORTUNIDADES,0.00,1201
2016,G,E,2316,2269934,"CAMPAÑA CONCIENCIACION, NORMALIZACION Y SENSIBILIZACION Y DOTACION DEL AREA",6188.81,1201
2016,G,E,2316,48933,AUDA HUMANITARIA Y COOPERACION AL DESARROLLO,105770.49,1201
2016,G,E,2316,4893300,FINALIZACION PROYECTOS CONVOCATORIAS 2013 Y 2014,14934.13,1201
2016,G,E,2316,48936,CUOTA SOCIO DE LA FAMSI,0.00,1201
2016,G,E,2211,16204,ACCION SOCIAL,112.52,1301
2016,G,E,2211,16206,VESTUARIO,1683.00,1301
2016,G,E,2315,12005,SUELDOS GRUPO E,7755.44,1301
2016,G,E,2315,12006,TRIENIOS,1333.78,1301
2016,G,E,2315,12100,COMPLEMENTOS DE DESTINO,3995.04,1301
2016,G,E,2315,12101,COMPLEMENTOS ESPECIFICO,8457.96,1301
2016,G,E,2315,13000,RETRIBUCIONES BASICAS,106967.16,1301
2016,G,E,2315,13002,OTRAS REMUNERACIONES,3386.61,1301
2016,G,E,2315,13100,RET.BASICAS LABORAL EVENTUAL,12798.20,1301
2016,G,E,2315,15000,PRODUCTIVIDAD ,2670.15,1301
2016,G,E,2315,15001,PRODUCTIVIDAD-CONSTANCIA,9155.52,1301
2016,G,E,2315,16000,SEGURIDAD SOCIAL,28997.37,1301
2016,G,E,2315,21604,MANTENIMIENTO EQUIPOS INFORMATICOS,0.00,1301
2016,G,E,2315,22000,ORDINARIO NO INVENTARIABLE,499.17,1301
2016,G,E,2315,22001,"PRENSA,REVISTA,LIBROS Y OTRAS PUBLICACIONES",1611.37,1301
2016,G,E,2315,22200,SERVICIO DE TELECOMUNICACIONES,4052.43,1301
2016,G,E,2315,2269904,PROGRAMA ACTIVIDADES C.M.I.M.,10000.00,1301
2016,G,E,2315,2269905,PROGRAMA 8 DE MARZO PREMIOS A LA IGUALDAD,3733.58,1301
2016,G,E,2315,2269906,PROGRAMA U.N.E.M.,691.28,1301
2016,G,E,2315,2269907,PLAN MUNICIPAL DE IGUALDAD DE OPORTUNIDADES,12489.00,1301
2016,G,E,2315,2269916,PROGRAMA 25 DE NOVIEMBRE (DIA NO VIOLENCIA),1311.64,1301
2016,G,E,2315,2269950,PLAN MUNICIPAL LGTBI,2654.32,1301
2016,G,E,2315,2279917,"PROGRAMA ""CONCILIA""",5914.50,1301
2016,G,E,2315,23120,LOCOMOCION PERSONAL NO DIRECTIVO,1430.64,1301
2016,G,E,2315,48008,AYUDAS DE EMERGENCIA A MUJERES EN SITUACION VULNERABLE,4598.00,1301
2016,G,E,2315,48015,PLAN INTEGRAL DE LA JUVENTUD,0.00,1301
2016,G,E,2315,62506,ACONDICIONAMIENTO DE INSTALACIONES AREA DE IGUALDAD,1131.84,1301
2016,G,E,2211,16204,ACCION SOCIAL,225.04,1302
2016,G,E,2211,16206,VESTUARIO,1224.00,1302
2016,G,E,2313,13000,RETRIBUCIONES BASICAS,53576.43,1302
2016,G,E,2313,15001,PRODUCTIVIDAD-CONSTANCIA,8872.35,1302
2016,G,E,2313,16000,SEGURIDAD SOCIAL,11513.98,1302
2016,G,E,2313,22001,"PRENSA,REVISTA,LIBROS Y OTRAS PUBLICACIONES",352.40,1302
2016,G,E,2313,22609,ACTIVIDADES CULTURALES Y DEPORTIVAS,6744.00,1302
2016,G,E,2313,2260937,AULA DE EXPERIENCIA UNIVERSIDAD DE SEVILLA,4255.57,1302
2016,G,E,2313,22646,III PLAN DE IGUALDAD DE OPORTUNIDADES,0.00,1302
2016,G,E,2313,2279987,PROGRAMA GARANTIA ALIMENTARIA,3680.63,1302
2016,G,E,2313,48004,SUBVENCION CENTRO MAYORES,9600.00,1302
2016,G,E,2313,62531,EQUIPAMIENTO HOHAR 20 DE JULIO,0.00,1302
2016,G,E,3230,2120115,MANTENIMIENTO CENTROS EDUCATIVOS (REMANENTE),9240.35,0502
2016,G,E,2411,2270615,OFICINA PARA LA ASIST.TECNICA EN CAPTACION Y GESTION DE RECURSOS ,13310.00,0201
2016,G,E,3372,2271215,PROGRAMA DE OCIO AL AIRE LIBRE (REMANENTE),980.39,0901
2016,G,E,9342,2271415,MANTENIMIENTO PROGRAMA DE GESTION TESORERIA (REMANENTE),1270.50,0201
2016,G,E,4314,2272615,PLAN MUNICIPAL DE APOYO AL COMERCIO Y AGROINDUSTRIA,9700.30,1001
2016,G,E,3112,2274315,CONTROL Y RECOGIDA DE PERROS VAGABUNDOS (REMANENTE),592.90,1101
2016,G,E,2313,2276715,PROGRAMA DE ATENCION INFANTIL TEMPRANA-PAIT (REMANENTE),9000.00,0501
2016,G,E,2313,2278715,PROGRAMA GARANTIA ALIMENTARIA (REMANENTE),6951.20,1302
2016,G,E,2411,4700115,INCENTIVOS A LA CONTRATACION (REMANENTE 2015),58800.00,0202
2016,G,E,4314,4790115,APOYO A EMPRESAS Y PROMOCION DE FERIAS (REMANENTE),929.76,1001
2016,G,E,2313,4800515,CONVENIO ASOCIACION ALCOHOLICOS REHABILITADOS SAN JOSE,375.00,0501
2016,G,E,3112,4801415,AYUDAS SOCIALES Y SANITARIAS (REMANENTE),12312.10,1101
2016,G,E,2312,48016,PROGRAMA EXTRAORDINARIO SUMNISTROS MINIMOS VITALES Y PRESTA,14390.70,0501
2016,G,E,2312,4801615,PROGRAMA EXTRAORDINARIO SUMNISTROS MINIMOS VITALES Y PRESTA,19693.05,0501
2016,G,E,2312,48017,CONVENIO CARITAS PARROQUIAL SAN JOSE (DOTACION ADICIONAL),3000.00,0501
2016,G,E,2312,48018,CONVENIO CARITAS PARROQUIAL SANTA MARIA (DOTACION ADICIONAL),3000.00,0501
2016,G,E,2312,48019,CONVENIO CARITAS PARROQUIAL NTA. SRA. DE LAS NIEVES (DOTACION ADICIONAL),3000.00,0501
2016,G,E,3260,4810015,PREMIOS. BECAS COMEDOR Y MATERIAL BIBLIOGRAFICO,35724.03,0502
2016,G,E,2411,4810415,"BECAS AL ESTUDIO DE FORMACION NO REGLADA, COLABORACION",1687.00,0201
2016,G,E,9121,4890015,OTRAS TRANSFERENCIAS (REMANENTE),717.60,0101
2016,G,E,3341,4890315,CONVENIO CON LA ASOCIACION CRISTO DEL PERDON (REMANENTE),225.00,0203
2016,G,E,2316,4893315,AYUDA HUMANITARIA Y COOPERACION AL DESARROLLO (REMANENTE),6430.65,1201
2016,G,E,3381,4895115,"SUBVENCION AGRUPACION SAN ISIDRO, ROMERIA (REMANENTE)",600.00,0801
2016,G,E,3411,48958,CONVENIO AGRUPACION DEPORTIVA SAN JOSE,6000.00,0101
2016,G,E,3411,48959,CONVENIO CLUB DEPORTIVO RINCONADA CONTERA,6000.00,0101
2016,G,E,2412,6111715,P.F.O.E.A. GARANTIA DE RENTA (REMAMNENTE),329327.44,0202
2016,G,E,1531,6114315,PLAN SUPERA III-REORDENACION ACCESO AL NUCLEO DE LA RINCONADA,350687.93,0401
2016,G,E,1531,6114415,PLAN SUPERA III-CONEXIÓN CARRIL-BICI AUTOVIA,123993.44,0401
2016,G,E,1531,6114515,PLAN SUPERA III- ACCESO PEATONAL Y CICLISTA VIA VERDE (BAJAS),20983.98,0401
2016,G,E,1531,6114615,PLAN SUPERA III-MEJORA ACCESOS C/JUAN DE AUSTRIA (BAJAS),35159.44,0401
2016,G,E,1533,61147,REORDENACION PLAZA DE ESPAÑA (SUPERA IV),0.00,0401
2016,G,E,1532,61148,PAVIMENTACION DE VIAS PUBLICAS (SUPERA IV),3664.09,0401
2016,G,E,1533,61149,ADECUACION ESPACIOS LIBRES VIA PUBLICA (SUPERA IV),0.00,0401
2016,G,E,1512,6220015,"REDACCION DE PROYECTOS, CALCULOS Y ESTRUCTURAS",7683.50,0401
2016,G,E,2412,6224115,P.F.O.E.A. ESTABLE (REMANENTE),203979.07,0202
2016,G,E,1321,6256615,EQUIPAMIENTO CENTRAL MIXTA DE SEGURIDAD,816.00,0601
2016,G,E,9331,63225,REHABILITACION EDIF. HOGAR 20 DE JULIO (SUPERA IV),2622.17,0401
2016,G,E,9331,63226,CONSERVACION PAVIMENTOS PISTAS DEPORTIVAS (SUPERA IV),0.00,0401
2016,G,E,1533,6330415,"MAQUINARIA, HERRAMIENTA Y UTILLAJE MENOR (REMANENTE)",1019.24,0301
2016,G,E,1621,6350115,"SUMINISTROS DE CONTENEDORES,PAPELERAS Y MEDIOS DE",2704.35,0304
2016,G,E,1511,6810515,EXPROPIACIONES PAGO DE EN MEDIO (UTILIZACION SUPERAVIT),216732.59,0401
2016,G,E,2412,1432515,PROGRAMA ADICIONAL EXTRAORD.DE AYUDA SOCIAL A LA,122205.34,0202
2016,G,E,9241,4891215,CONVENIO CON A.C.A.T (REMANENTE),10500.00,0902
2016,G,E,9241,4891315,SUBVENCIONES A ENTIDADES ASOCIATIVAS (REMANENTE),731.00,0902
2016,G,E,4911,6260415,PLAN DE MODERNIZACION E INNOVACION TECNOLOGICA,2409.11,0206
2016,G,E,1532,61153,PAVIMENTACION DE VIAS PUBLICAS (SUPERA IVREINVERSION),0.00,0401
2016,G,E,2412,2269926,PROGRAMA DE ORIENTACION PROFESIONAL (ANDALUCIA),1658.53,0202
2016,G,E,3411,4898015,SUBVENCION Dª SONIA MACIAS ROMAN,750.00,0202
2016,G,E,1533,61152,ADECUACION DE ROTONDAS (SUPERA IV REINVERSION BAJAS,0.00,0401
2016,G,E,1533,61154,EMBELLECIMIENTOS MEDIANAS Y ROTONDAS (SUPERA IV),0.00,0401
2016,G,E,9331,63227,REPARACION FACHADA BIBLIOTECA SAN JOSE Y CENTRO,0.00,0401
2016,G,E,9331,63228,REPARACIONES EN TORRES DE ILUMINACION,0.00,0401
# Órganos anexos Año,Tipo,Presupuesto,Programa,Económica,Descripcion,Ejecutado,Seccion
2016,G,E,1501,13000,RETRIBUCIONES BASICAS,579681.25,8703
2017,G,E,1501,16000,SEGURIDAD SOCIAL,167591.85,8703
2018,G,E,1501,16200,FORMACION Y PERDECCIONAMIENTO DEL PERSONAL,3800.00,8703
2019,G,E,1501,20601,ARRENDAMIENTO EQUIPOS INFORMATICOSBY FOTOCOPIADORA,5035.99,8703
2020,G,E,1501,21216,REPARACIONES Y CONSERVACION INSTALACIONES,3265.35,8703
2021,G,E,1501,21600,MANTENIMIENTO EQUIPOS INFORMATICOS,500.00,8703
2022,G,E,1501,22100,ENERGIA ELECTRICA,828.54,8703
2023,G,E,1501,22101,AGUA,710.82,8703
2024,G,E,1501,22200,SERVICIO DE TELECOMUNICACIONES,4672.71,8703
2025,G,E,1501,22400,PRIMA DE SEGUROS,5548.45,8703
2026,G,E,1501,22500,TRIBUTOS ESTATALES,500.00,8703
2027,G,E,1501,22502,TRIBUTOS DE LAS ENTIDADES LOCALES,7261.07,8703
2028,G,E,1501,22602,PUBLICIDAD Y PROPAGANDA,4087.16,8703
2029,G,E,1501,22700,LIMPIEZA Y ASEO,5094.36,8703
2030,G,E,1501,22788,SERVICIO PRENVENCION RIESGOS LABORALES,500.00,8703
2031,G,E,1501,22790,REVISIONES MEDICAS FREMAP,1500.00,8703
2032,G,E,1501,22791,SERVICIO DE ASESORIA FISCAL,16921.50,8703
2033,G,E,1501,22793,MANTINIMIENTO PROGRAMAS INFORMATICOS,2463.18,8703
2034,G,E,1501,22794,OTROS SERVICIOS,1112.87,8703
2035,G,E,1501,23000,DIETAS DE LOS MIEMBROS DE LOS ORG. DE GOBIERNO,12000.00,8703
2036,G,E,1501,23100,LOCOMOCION DE LOS MIEMBROS DE LOS ORG. DE GOBIERNO,412.93,8703
2037,G,E,1501,62600,EQUIPOS INFORMATICOS,800.00,8703
2038,G,E,1501,85100,RESULTADO POSITIVO DEL EJERCICIO,264365.24,8703
2039,G,E,1521,31000,INTERESES DE PRESTAMO,318240.81,8703
2040,G,E,1521,31900,UTROS GASTOS FINANCIEROS,3585.02,8703
2041,G,E,1521,31901,UTROS GASTOS FINANCIEROS PAGO DE EN MEDIO,44500.00,8703
2042,G,E,1521,48915,GASTOS SOCIALES (COLEGIOS PROFESIONALES),5160.00,8703
2043,G,E,1521,91300,AMORTIZACION DE PRESTAMOS,1667371.61,8703
2044,G,E,1521,91301,AMORTIZACION DE PRESTAMOS PAGO DE EN MEDIO,1897500.00,8703
2045,G,E,1522,21200,EDIFICIOS Y OTRAS COSNTRUCCIONES,500.00,8703
2046,G,E,1522,21222,PROMOCIONES DE VIVIENDA,22594.13,8703
2047,G,E,1522,22100,ENERGIA ELECTRICA,1428.86,8703
2048,G,E,1522,22101,AGUA,159.19,8703
2049,G,E,1522,22400,PRIMA DE SEGUROS,9368.81,8703
2050,G,E,1522,22502,TRIBUTOS DE LAS ENTIDADES LOCALES,141891.48,8703
2051,G,E,1522,48920,CUOTAS COMUNIDADES DE PROPIETARIOS,12813.72,8703
2052,G,E,1522,63204,PROGRAMA DE REHABILITACION  DE VIVIENDAS,1133425.48,8703
2053,G,E,1522,91302,AMORTIZACION DE PRESTAMOS PAGO DE EN MEDIO,550000.00,8703
2054,G,E,2411,22111,"SUMINISTROS DE REPUESTOS DE MAQUINARIA,UTILLAJE Y ELEM.TTE",6579.00,8703
2055,G,E,2411,22502,TRIBUTOS DE LAS ENTIDADES LOCALES,20352.32,8703
2056,G,E,2411,31000,INTERESES DE PRESTAMO,2038.91,8703
2057,G,E,2411,31900,UTROS GASTOS FINANCIEROS,330267.52,8703
2058,G,E,2411,48921,ENTE CONSERVACION CAÑAMO III,83393.34,8703
2059,G,E,2411,91300,AMORTIZACION DE PRESTAMOS,177415.90,8605
2060,G,E,2412,22680,TALLER DE EMPLEO PARQUE DE VIVIENDAS PUBLICAS LA RINCONADA,1144500.00,8605
2061,G,E,2211,16206,VESTUARIO,612.00,8605
2062,G,E,4913,13000,RETRIBUCIONES BASICAS,44018.91,8605
2063,G,E,4913,13002,OTRAS REMUNERACIONES,2100.26,8605
2064,G,E,4913,15000,PRODUCTIVIDAD ,13543.18,8605
2065,G,E,4913,15001,PRODUCTIVIDAD-CONSTANCIA,4577.76,8605
2066,G,E,4913,16000,SEGURIDAD SOCIAL,19390.32,8605
2067,G,E,4913,21212,MANTENIMIENTO Y MEJORA INSTALACIONES,2000.00,8605
2068,G,E,4913,21308,MANTENIMIENTO EQUIPOS DE ALTA Y BAJA,1000.00,8605
2069,G,E,4913,21402,MANTENIMIENTO VEHICULO DE UNIDAD MOVIL,1000.00,8605
2070,G,E,4913,22001,"PRENSA,REVISTA,LIBROS Y OTRAS PUBLICACIONES",200.00,8605
2071,G,E,4913,22103,COMBUSTIBLES Y CARBURANTES,600.00,8605
2072,G,E,4913,22200,SERVICIO DE TELECOMUNICACIONES,4000.00,8605
2073,G,E,4913,22302,DESPLAZAMIENTO PERSONAL COLABORADOR,5000.00,8605
2074,G,E,4913,2260201,PUBLICIDAD Y PROTOCOLO,600.00,8605
2075,G,E,4913,2269995,"MATERIAL,SUMINISTROS Y OTROS",600.00,8605
2076,G,E,4913,2269996,DIVERSOS CANONES,10000.00,8605
2077,G,E,4913,22706,ESTUDIOS Y TRABAJOS TECNICOS,3000.00,8605
2078,G,E,4913,2279925,PROGRAMA Y RETRANSMISIONES ESPECIALES,30537.55,8605
2079,G,E,4913,2279983,SERVICIO DE AUDIO STREAMING,500.00,8605
2080,G,E,4913,2279984,SERVICION DE INFORMACION EXTERNO,2758.00,8605
2081,G,E,4913,35900,OTROS GASTOS FINANCIEROS,120.00,8605
2082,G,E,2211,16204,ACCION SOCIAL,2948.97,8305
2083,G,E,2211,16206,VESTUARIO,3213.00,8305
2084,G,E,3401,12004,SUELDOS GRUPO C2,8462.37,8305
2085,G,E,3401,12006,TRIENIOS,740.24,8305
2086,G,E,3401,12009,OTRAS RETRIBUCIONES BASICAS,635.55,8305
2087,G,E,3401,12100,COMPLEMENTOS DE DESTINO,4312.84,8305
2088,G,E,3401,12101,COMPLEMENTOS ESPECIFICO,7100.40,8305
2089,G,E,3401,13000,RETRIBUCIONES BASICAS,97005.57,8305
2090,G,E,3401,13001,HORAS EXTRAORDINARIAS,1830.23,8305
2091,G,E,3401,13002,OTRAS REMUNERACIONES,11720.83,8305
2092,G,E,3401,15000,PRODUCTIVIDAD ,2520.00,8305
2093,G,E,3401,15001,PRODUCTIVIDAD-CONSTANCIA,11444.40,8305
2094,G,E,3401,16000,SEGURIDAD SOCIAL,41217.09,8305
2095,G,E,3401,20500,ALQUILER MAQ. FOTOCOPIADORA,2000.00,8305
2096,G,E,3401,21305,MANTENIMIENTO FOTOCOPIADORA Y FAX,3400.00,8305
2097,G,E,3401,22000,ORDINARIO NO INVENTARIABLE,3000.00,8305
2098,G,E,3401,22001,"PRENSA,REVISTA,LIBROS Y OTRAS PUBLICACIONES",400.00,8305
2099,G,E,3401,22002,MATERIAL INFORMATICO NO INVENTARIABLE,1700.00,8305
2100,G,E,3401,22006,PAPEL TIMBRADO Y OTROS,1500.00,8305
2101,G,E,3401,2219912,SUMINISTROS DE TARJETA,4500.00,8305
2102,G,E,3401,22200,SERVICIO DE TELECOMUNICACIONES,16500.00,8305
2103,G,E,3401,22201,POSTALES,400.00,8305
2104,G,E,3401,22299,OTROS GASTOS EN COMUNICACIONES,1500.00,8305
2105,G,E,3401,22501,TRIBUTOS DE LAS CC-AA,200.00,8305
2106,G,E,3401,22601,ATENCIONES PROTOCOLARIAS Y REPRESENTATIVAS,500.00,8305
2107,G,E,3401,2269913,GESTION BECAS CONVENIOS PRACTICAS UNIVERSITARIAS,630.00,8305
2108,G,E,3401,23020,DIETAS DEL PERSONAL DIRECTIVO,500.00,8305
2109,G,E,3401,23120,LOCOMOCION PERSONAL NO DIRECTIVO,1430.64,8305
2110,G,E,3401,35900,OTROS GASTOS FINANCIEROS,10500.00,8305
2111,G,E,3401,48107,BECAS PRACTICAS TSAAFD,3000.00,8305
2112,G,E,3401,62545,EQUIPAMIENTO OFICINA,1000.00,8305
2113,G,E,3401,62615,CREACION PAGINA WEB,0.00,8305
2114,G,E,3401,63600,ADQUISICION EQUIPOS INFORMATICOS,3000.00,8305
2115,G,E,3411,13000,RETRIBUCIONES BASICAS,187267.42,8305
2116,G,E,3411,13001,HORAS EXTRAORDINARIAS,1861.22,8305
2117,G,E,3411,13100,RET.BASICAS LABORAL EVENTUAL,18311.04,8305
2118,G,E,3411,1310002,RETRIBUCIONES BASICAS: RECUPERACION EXTRA 2012 EVENTUALES,0.00,8305
2119,G,E,3411,15001,PRODUCTIVIDAD-CONSTANCIA,18311.04,8305
2120,G,E,3411,16000,SEGURIDAD SOCIAL,67525.65,8305
2121,G,E,3411,22106,PRODUCTOS FARMACEUTICOS Y MATERIAL SANITARIO,2000.00,8305
2122,G,E,3411,2219926,TROFEOS Y GALARDONES,2500.00,8305
2123,G,E,3411,2219927,MATERIAL DEPORTIVO,2000.00,8305
2124,G,E,3411,22300,TRANSPORTE,5006.00,8305
2125,G,E,3411,2260983,ACTIVIDADES ESPECIALES,52000.00,8305
2126,G,E,3411,2260984,JUEGOS DEPORTIVOS MUNICIPALES,28000.00,8305
2127,G,E,3411,2260985,ESCUELA MUNICIPALES DEPORTIVAS,159000.00,8305
2128,G,E,3411,2260986,CAMPAÑA NATACION PISCINA CUBIERTA,170000.00,8305
2129,G,E,3411,2260987,CAMPAÑAS DE VERANO,174000.00,8305
2130,G,E,3411,2260988,CAMPAÑA DE ACTIVIDADES NAUTICAS,5000.00,8305
2131,G,E,3411,22646,III PLAN DE IGUALDAD DE OPORTUNIDADES,500.00,8305
2132,G,E,3411,2269902,PLAN INTEGRAL DE LA JUVENTUD,500.00,8305
2133,G,E,3411,2279977,SERVICIO DE MEDICINA DEPORTIVA,68000.00,8305
2134,G,E,3411,23120,LOCOMOCION PERSONAL NO DIRECTIVO,738.00,8305
2135,G,E,3411,48946,CONVENIO CLUBES DEPORTIVOS,40000.00,8305
2136,G,E,3411,48945,"A CLUB DEPORTIVOS, PLAN GENERAL DE SUBVENCIONES",33300.00,8305
2137,G,E,3411,48947,"A CLUB DEPORTIVOS, PLAN DE EVENTOS",5500.00,8305
2138,G,E,3411,48948,CONVENIO FUNDACION ANDALUCIA OLIMPICA,1600.00,8305
2139,G,E,3411,48949,"AL DEPORTE INDIVIDUAL, SUBVENCIONES MANTENIMIENTO",1900.00,8305
2140,G,E,3411,48950,PLAN DE LOGROS DEPORTIVOS Y EVENTOS SINGULARES,4000.00,8305
2141,G,E,3411,48961,SUBVENCION AGRUPACION DEPORTIVA SAN JOSE,0.00,8305
2142,G,E,3411,48962,SUBVENCION AL CLUB DEPORTIVO RINCONADA CANTERA,0.00,8305
2143,G,E,3411,48963,SUBVENCION CLUB BADMINTON RINCONADA,0.00,8305
2144,G,E,3411,48964,SUBVENCION AL DEPORTE INDIVIDUAL JESUS LOPEZ FARIÑAS,0.00,8305
2145,G,E,3411,48965,SUBVENCION AL DEPORTE INDIVIDUAL JOSE ANTONIO APARICIO SANCHEZ,0.00,8305
2146,G,E,3421,13000,RETRIBUCIONES BASICAS,182285.15,8305
2147,G,E,3421,13001,HORAS EXTRAORDINARIAS,7048.15,8305
2148,G,E,3421,13100,RET.BASICAS LABORAL EVENTUAL,39539.50,8305
2149,G,E,3421,15000,PRODUCTIVIDAD ,7750.12,8305
2150,G,E,3421,15001,PRODUCTIVIDAD-CONSTANCIA,20599.92,8305
2151,G,E,3421,16000,SEGURIDAD SOCIAL,88125.19,8305
2152,G,E,3421,21204,MANTENIMIENTO PISCINA AL AIRE LIBRE,36000.00,8305
2153,G,E,3421,21206,MANTENIMIENTO PADELLONA FERNANDO MARTIN,4000.00,8305
2154,G,E,3421,21207,MANTENIMIENTO ESTADIO FELIPE DEL VALLE,25000.00,8305
2155,G,E,3421,21208,MANTENIMIENTO POLIDEPORTIVOS,10000.00,8305
2156,G,E,3421,21209,MANTENIMIENTO SEDE PATRONATO,300.00,8305
2157,G,E,3421,21210,MANTENIMIENTO PABELLON AGUSTIN ANDRADE,3500.00,8305
2158,G,E,3421,21213,MANTENIMIENTO PISCINA CUBIERTA,26000.00,8305
2159,G,E,3421,21214,MANTENIMIENTO CENTRO ACTIVIDADES NAUTICAS,3000.00,8305
2160,G,E,3421,21310,MANTENIMIENTO VEHICULOS Y MAQUINARIA,3000.00,8305
2161,G,E,3421,21400,MATERIAL DE TRANSPORTE,3000.00,8305
2162,G,E,3421,21600,MANTENIMIENTO EQUIPOS INFORMATICOS,5000.00,8305
2163,G,E,3421,2210001,ENERGIA ELECTRICA PISCINA CUBIERTA,67300.00,8305
2164,G,E,3421,2210101,AGUA PISCINA CUBIERTA,27000.00,8305
2165,G,E,3421,22102,GAS ,18000.00,8305
2166,G,E,3421,2210201,GAS PISCINA CUBIERTA,73000.00,8305
2167,G,E,3421,22103,COMBUSTIBLES Y CARBURANTES,6000.00,8305
2168,G,E,3421,22104,VESTUARIO,3000.00,8305
2169,G,E,3421,22110,PRODUCTOS DE LIMPIEZA Y ASEO,7000.00,8305
2170,G,E,3421,2219918,SUMINISTROS DE FERRETERIA,12000.00,8305
2171,G,E,3421,2270001,SEVICIO DE LIMPIEZA EN IDM,95000.00,8305
2172,G,E,3421,2270102,SERVICIO DE CONSERJERIA IDM,200000.00,8305
2173,G,E,3421,2270103,MANTENIMIENTO DE SEGURIDAD COMPLEJO NATATORIO,1000.00,8305
2174,G,E,3421,2279974,MANTENIMIENTO APLICACIONES WEB SERVICIOS,1500.00,8305
2175,G,E,3421,2279975,MANTENIMIENTO PAGINA WEB  ,2700.00,8305
2176,G,E,3421,2279976,MANTENIMIENTO SOFWARE GESTION ACCESO IDM,6400.00,8305
2177,G,E,3421,2279978,MANTENIMIENTO Y CONSERVACION IDM,27000.00,8305
2178,G,E,3421,2279979,MANTENIMIENTO SISTEMA CLIMATIZACION PISCINA CUBIERTA,8100.00,8305
2179,G,E,3421,2279980,MANTENIMIENTO CAJERO AUTOMATICO,1100.00,8305
2180,G,E,3421,2279981,MANTENIMIENTO ASCENSOR COMPLEJO NATATORIO,1100.00,8305
2181,G,E,3421,62262,ADECUACION NUEVO LRY,15000.00,8305
2182,G,E,3421,62300,MAQUINA Y HERRAMIENTO MANTENIMIENTO IDM,15000.00,8305
2183,G,E,3421,62505,EQUIPAMIENTOS DEPORTIVOS,2000.00,8305
2184,G,E,2314,13002,OTRAS REMUNERACIONES,1545.93,8531
2185,G,E,2314,21200,EDIFICIOS Y OTRAS COSNTRUCCIONES,6940.00,8531
2186,G,E,2314,2131900,MANTENIMIENTO ASCENSOR  ,1400.00,8531
2187,G,E,2314,21400,MATERIAL DE TRANSPORTE,5560.00,8531
2188,G,E,2314,22000,ORDINARIO NO INVENTARIABLE,3000.00,8531
2189,G,E,2314,22101,AGUA,8000.00,8531
2190,G,E,2314,22103,COMBUSTIBLES Y CARBURANTES,4000.00,8531
2191,G,E,2314,22200,SERVICIO DE TELECOMUNICACIONES,8800.00,8531
2192,G,E,2314,22400,PRIMA DE SEGUROS,750.00,8531
2193,G,E,2314,22646,III PLAN DE IGUALDAD DE OPORTUNIDADES,1000.00,8531
2194,G,E,2314,22701,SEGURIDAD,1400.00,8531
2195,G,E,2314,35900,OTROS GASTOS FINANCIEROS,300.00,8531
2196,G,E,2314,46604,CUOTA FEAPS,1200.00,8531
2197,G,E,2314,63205,MEJORA INSTALACIONES,1500.00,8531
2198,G,E,2314,63502,RENOVACION MOBILIARIO,10896.50,8531
2199,G,E,2211,16204,ACCION SOCIAL,669.71,8532
2200,G,E,2211,16206,VESTUARIO,1530.00,8532
2201,G,E,2314,13000,RETRIBUCIONES BASICAS,0.00,8532
2202,G,E,2314,13002,OTRAS REMUNERACIONES,5908.12,8532
2203,G,E,2314,13003,LABORAL FIJO. CENTRO OCUPACIONAL,117356.28,8532
2204,G,E,2314,13103,LABORAL TEMPORAL.CENTRO OCUPACIONAL,65374.40,8532
2205,G,E,2314,15000,PRODUCTIVIDAD ,6058.42,8532
2206,G,E,2314,15001,PRODUCTIVIDAD-CONSTANCIA,13733.28,8532
2207,G,E,2314,16000,SEGURIDAD SOCIAL,67581.63,8532
2208,G,E,2314,22105,PRODUCTOS ALIMENTICIOS,59133.92,8532
2209,G,E,2314,2219942,"MATERIALES, ACTIVIDADES,TALLERES",6000.00,8532
2210,G,E,2314,2260690,ENCUENTRO DE FAMILIAS,5500.00,8532
2211,G,E,2314,2260691,JORNADAS POR LA INTEGRACION,3000.00,8532
2212,G,E,2314,2260990,PROGRAMADE VACACIONES PARA USUAR@S,24000.00,8532
2213,G,E,2314,2260991,PROGRAMA DE ANIMACION SOCIOCULTURAL,2000.00,8532
2214,G,E,2314,2260992,ESCUELA DEPORTIVA,11968.86,8532
2215,G,E,2314,2260993,"TALLERES, ACTIVIDADES Y ANIMACION",3000.00,8532
2216,G,E,2314,2269990,PROGRAMA ACCION PERSONAS DISCAPACIDAD,5000.00,8532
2217,G,E,2314,2269991,PROGRAMA INTEGRACION FAMILIAR,1000.00,8532
2218,G,E,2314,2269992,PROGRAMA APOYO PRESTACIONES BASICAS,63876.51,8532
2219,G,E,2314,2279990,SERVICIO AUTOCONTROL SANITARIO,2575.00,8532
2220,G,E,2314,23120,LOCOMOCION PERSONAL NO DIRECTIVO,1080.72,8532
2221,G,E,2314,48970,SALARIO ESTIMULO,95318.60,8532
2222,G,E,2314,48971,BECAS A USUARI@S DEL PATRONATO,3000.00,8532
2223,G,E,2314,48972,"AFADI, CONVENIO TRANSPORTE",39175.96,8532
2224,G,E,2314,13004,LABORAL FIJO. RESIDENCIA ADULTOS DISCAPACITADOS,95005.12,8533
2225,G,E,2314,13104,LABORAL TEMPORAL.RESIDENCIA ADULTOS,81595.15,8533
2226,G,E,2314,15000,PRODUCTIVIDAD ,21356.73,8533
2227,G,E,2314,16000,SEGURIDAD SOCIAL,58480.17,8533
2228,G,E,2314,2210445,VESTUARIO CUIDADORES,1500.00,8533
2229,G,E,2314,22105,PRODUCTOS ALIMENTICIOS,87037.58,8533
2230,G,E,2314,22106,PRODUCTOS FARMACEUTICOS Y MATERIAL SANITARIO,1600.00,8533
2231,G,E,2314,22110,PRODUCTOS DE LIMPIEZA Y ASEO,15000.00,8533
2232,G,E,2314,2219941,MENAJE Y TEXTIL FUNGIBLE,1300.00,8533
2233,G,E,2314,2260991,PROGRAMA DE ANIMACION SOCIOCULTURAL,3000.00,8533
2234,G,E,2314,2279990,SERVICIO AUTOCONTROL SANITARIO,1590.00,8533
2235,G,E,2314,13106,LABORAL TEMPORAL.UNIDAD DE DIA,71252.97,8534
2236,G,E,2314,15000,PRODUCTIVIDAD ,3012.38,8534
2237,G,E,2314,16000,SEGURIDAD SOCIAL,24061.97,8534
2238,G,E,2314,2210445,VESTUARIO CUIDADORES,700.00,8534
2239,G,E,2314,22105,PRODUCTOS ALIMENTICIOS,18764.46,8534
2240,G,E,2314,2260991,PROGRAMA DE ANIMACION SOCIOCULTURAL,500.00,8534
2241,G,E,2314,13105,LABORAL TEMPORAL.RESIDENCIA GRAVEMENTE AFECTADOS,42539.03,8535
2242,G,E,2314,15000,PRODUCTIVIDAD ,2834.28,8535
2243,G,E,2314,16000,SEGURIDAD SOCIAL,14746.33,8535
2244,G,E,2314,22105,PRODUCTOS ALIMENTICIOS,58699.76,8535
2245,G,E,2314,2279921,SERVICIO FISIOTERAPIA,10000.00,8535
2246,G,E,2314,2279991,SERVICIOA DE LIMPIEZA Y LAVANDERIA,62710.61,8535
2247,G,E,2314,2279992,SERVICIO DE CUIDADORAS,323322.12,8535
